"","var","AUC_loss"
"1","CTriad_g1.g1.g1.ns1",0.00857353934304506
"2","CTriad_g1.g1.g2.ns1",0.000190101627104533
"3","CTriad_g1.g1.g3.ns1",0.0148892471454812
"4","CTriad_g1.g1.g4.ns1",1.31819755689877e-05
"5","CTriad_g1.g1.g5.ns1",-6.9742120568872e-05
"6","CTriad_g1.g1.g6.ns1",0.0158585059406046
"7","CTriad_g1.g1.g7.ns1",0
"8","CTriad_g1.g2.g1.ns1",0.00866366472014868
"9","CTriad_g1.g2.g2.ns1",0.0163783711260184
"10","CTriad_g1.g2.g3.ns1",0.00529668198195121
"11","CTriad_g1.g2.g4.ns1",0.00849560075068889
"12","CTriad_g1.g2.g5.ns1",0.00554757990478882
"13","CTriad_g1.g2.g6.ns1",0.00984715068723685
"14","CTriad_g1.g2.g7.ns1",4.74363499591846e-08
"15","CTriad_g1.g3.g1.ns1",0.0170148774636424
"16","CTriad_g1.g3.g2.ns1",0.00347994878973468
"17","CTriad_g1.g3.g3.ns1",-4.25389214273597e-05
"18","CTriad_g1.g3.g4.ns1",-1.58311725675375e-05
"19","CTriad_g1.g3.g5.ns1",-7.18136931739943e-05
"20","CTriad_g1.g3.g6.ns1",0.00993839245166761
"21","CTriad_g1.g3.g7.ns1",2.80987715182146e-05
"22","CTriad_g1.g4.g1.ns1",0.000215988509287168
"23","CTriad_g1.g4.g2.ns1",0.0115881776865471
"24","CTriad_g1.g4.g3.ns1",0.0114461361642966
"25","CTriad_g1.g4.g4.ns1",1.43578597233684e-05
"26","CTriad_g1.g4.g5.ns1",-7.02774428129604e-06
"27","CTriad_g1.g4.g6.ns1",4.59037605016199e-06
"28","CTriad_g1.g4.g7.ns1",0
"29","CTriad_g1.g5.g1.ns1",0.00787080821591191
"30","CTriad_g1.g5.g2.ns1",0.00494184651682739
"31","CTriad_g1.g5.g3.ns1",0.00387167916080611
"32","CTriad_g1.g5.g4.ns1",0.000312657765763946
"33","CTriad_g1.g5.g5.ns1",0.0102452374982894
"34","CTriad_g1.g5.g6.ns1",0.000183677960791662
"35","CTriad_g1.g5.g7.ns1",0
"36","CTriad_g1.g6.g1.ns1",-5.74289742831802e-05
"37","CTriad_g1.g6.g2.ns1",-9.37046341042969e-06
"38","CTriad_g1.g6.g3.ns1",-7.71619772125254e-05
"39","CTriad_g1.g6.g4.ns1",0.0105442090559267
"40","CTriad_g1.g6.g5.ns1",0.017150503089096
"41","CTriad_g1.g6.g6.ns1",4.40132420350681e-05
"42","CTriad_g1.g6.g7.ns1",-9.07342964592273e-05
"43","CTriad_g1.g7.g1.ns1",0
"44","CTriad_g1.g7.g2.ns1",0
"45","CTriad_g1.g7.g3.ns1",0
"46","CTriad_g1.g7.g4.ns1",0
"47","CTriad_g1.g7.g5.ns1",0
"48","CTriad_g1.g7.g6.ns1",0
"49","CTriad_g1.g7.g7.ns1",0
"50","CTriad_g2.g1.g1.ns1",0.00415683079003704
"51","CTriad_g2.g1.g2.ns1",0.00567240791285772
"52","CTriad_g2.g1.g3.ns1",0.0171599950409738
"53","CTriad_g2.g1.g4.ns1",-8.98918486859079e-05
"54","CTriad_g2.g1.g5.ns1",0.00494021702775893
"55","CTriad_g2.g1.g6.ns1",0.0175298232047594
"56","CTriad_g2.g1.g7.ns1",0
"57","CTriad_g2.g2.g1.ns1",0.00982699712771651
"58","CTriad_g2.g2.g2.ns1",0.00342933209917518
"59","CTriad_g2.g2.g3.ns1",-0.000255547442829296
"60","CTriad_g2.g2.g4.ns1",0.00518175276645028
"61","CTriad_g2.g2.g5.ns1",0.000167690049100333
"62","CTriad_g2.g2.g6.ns1",0.0328506622608279
"63","CTriad_g2.g2.g7.ns1",0.0140331830209689
"64","CTriad_g2.g3.g1.ns1",8.89702681902138e-05
"65","CTriad_g2.g3.g2.ns1",0.000306237017252853
"66","CTriad_g2.g3.g3.ns1",-0.000235617686275669
"67","CTriad_g2.g3.g4.ns1",0.000151910197177973
"68","CTriad_g2.g3.g5.ns1",-8.7612093426781e-06
"69","CTriad_g2.g3.g6.ns1",0.00907172075368312
"70","CTriad_g2.g3.g7.ns1",0
"71","CTriad_g2.g4.g1.ns1",-0.000257086132150475
"72","CTriad_g2.g4.g2.ns1",2.31812482160976e-05
"73","CTriad_g2.g4.g3.ns1",9.6026270337557e-06
"74","CTriad_g2.g4.g4.ns1",-5.49430602629908e-05
"75","CTriad_g2.g4.g5.ns1",0.0047475819807361
"76","CTriad_g2.g4.g6.ns1",7.07627401015376e-05
"77","CTriad_g2.g4.g7.ns1",0
"78","CTriad_g2.g5.g1.ns1",0.0150658715104024
"79","CTriad_g2.g5.g2.ns1",0.0122404295387423
"80","CTriad_g2.g5.g3.ns1",0.0146341870615493
"81","CTriad_g2.g5.g4.ns1",0.000888110851395063
"82","CTriad_g2.g5.g5.ns1",0.00973151517705761
"83","CTriad_g2.g5.g6.ns1",0.0218440236415961
"84","CTriad_g2.g5.g7.ns1",0
"85","CTriad_g2.g6.g1.ns1",-3.3807450856238e-05
"86","CTriad_g2.g6.g2.ns1",0.0271493057513563
"87","CTriad_g2.g6.g3.ns1",0.0168456296541499
"88","CTriad_g2.g6.g4.ns1",0.0364413546579913
"89","CTriad_g2.g6.g5.ns1",0.0167100245549483
"90","CTriad_g2.g6.g6.ns1",0.0133711138080882
"91","CTriad_g2.g6.g7.ns1",0
"92","CTriad_g2.g7.g1.ns1",0.00815916476597622
"93","CTriad_g2.g7.g2.ns1",0.0213553138590841
"94","CTriad_g2.g7.g3.ns1",9.15676742896387e-06
"95","CTriad_g2.g7.g4.ns1",0
"96","CTriad_g2.g7.g5.ns1",3.25120836197623e-06
"97","CTriad_g2.g7.g6.ns1",-4.59037605016199e-06
"98","CTriad_g2.g7.g7.ns1",0
"99","CTriad_g3.g1.g1.ns1",0.00690340022885572
"100","CTriad_g3.g1.g2.ns1",0.000170652914928349
"101","CTriad_g3.g1.g3.ns1",0.0055327531227557
"102","CTriad_g3.g1.g4.ns1",6.76745272722989e-05
"103","CTriad_g3.g1.g5.ns1",0.000296461383751168
"104","CTriad_g3.g1.g6.ns1",0.00409190379669366
"105","CTriad_g3.g1.g7.ns1",-0.000346976517475284
"106","CTriad_g3.g2.g1.ns1",0.0133836500945789
"107","CTriad_g3.g2.g2.ns1",0.0120473096104979
"108","CTriad_g3.g2.g3.ns1",-0.00249075981399538
"109","CTriad_g3.g2.g4.ns1",0.0149520196653496
"110","CTriad_g3.g2.g5.ns1",0.00549944054155216
"111","CTriad_g3.g2.g6.ns1",-6.65506623898082e-06
"112","CTriad_g3.g2.g7.ns1",0.0236338319495029
"113","CTriad_g3.g3.g1.ns1",0.00449433014222145
"114","CTriad_g3.g3.g2.ns1",0.0171829986122254
"115","CTriad_g3.g3.g3.ns1",0.0067382424294955
"116","CTriad_g3.g3.g4.ns1",0.00446746433393352
"117","CTriad_g3.g3.g5.ns1",1.45689562180973e-05
"118","CTriad_g3.g3.g6.ns1",0.00543663971136943
"119","CTriad_g3.g3.g7.ns1",0
"120","CTriad_g3.g4.g1.ns1",5.87748756678552e-05
"121","CTriad_g3.g4.g2.ns1",5.65512588642791e-05
"122","CTriad_g3.g4.g3.ns1",0.0106389014590035
"123","CTriad_g3.g4.g4.ns1",-1.05048356507931e-05
"124","CTriad_g3.g4.g5.ns1",0.00348094562972423
"125","CTriad_g3.g4.g6.ns1",0.005729106559896
"126","CTriad_g3.g4.g7.ns1",0
"127","CTriad_g3.g5.g1.ns1",0.000145671044275208
"128","CTriad_g3.g5.g2.ns1",-0.000640264347605446
"129","CTriad_g3.g5.g3.ns1",0.00488403971830953
"130","CTriad_g3.g5.g4.ns1",0.00346996892868157
"131","CTriad_g3.g5.g5.ns1",0
"132","CTriad_g3.g5.g6.ns1",-0.0010051948744535
"133","CTriad_g3.g5.g7.ns1",0
"134","CTriad_g3.g6.g1.ns1",0.0134481608251056
"135","CTriad_g3.g6.g2.ns1",0.00443185468535057
"136","CTriad_g3.g6.g3.ns1",5.08754638062214e-06
"137","CTriad_g3.g6.g4.ns1",-0.000143731811054204
"138","CTriad_g3.g6.g5.ns1",0.00705638194355585
"139","CTriad_g3.g6.g6.ns1",0.00576464772221175
"140","CTriad_g3.g6.g7.ns1",0
"141","CTriad_g3.g7.g1.ns1",-8.29165821247813e-06
"142","CTriad_g3.g7.g2.ns1",0
"143","CTriad_g3.g7.g3.ns1",7.58981598569797e-07
"144","CTriad_g3.g7.g4.ns1",3.91440806390975e-06
"145","CTriad_g3.g7.g5.ns1",0
"146","CTriad_g3.g7.g6.ns1",0.00016092776964105
"147","CTriad_g3.g7.g7.ns1",0
"148","CTriad_g4.g1.g1.ns1",0.00271890257652485
"149","CTriad_g4.g1.g2.ns1",0.00491148735652525
"150","CTriad_g4.g1.g3.ns1",0.000181795231829041
"151","CTriad_g4.g1.g4.ns1",0.00473578251767204
"152","CTriad_g4.g1.g5.ns1",0.00517535975210326
"153","CTriad_g4.g1.g6.ns1",6.56213568320796e-05
"154","CTriad_g4.g1.g7.ns1",0
"155","CTriad_g4.g2.g1.ns1",0.00532514682647378
"156","CTriad_g4.g2.g2.ns1",0.0251788910428707
"157","CTriad_g4.g2.g3.ns1",0.000171011702810753
"158","CTriad_g4.g2.g4.ns1",0.00475134788952136
"159","CTriad_g4.g2.g5.ns1",0.0176902240334668
"160","CTriad_g4.g2.g6.ns1",-4.53880725975742e-05
"161","CTriad_g4.g2.g7.ns1",0
"162","CTriad_g4.g3.g1.ns1",0.00474901806648365
"163","CTriad_g4.g3.g2.ns1",0.000208400599121195
"164","CTriad_g4.g3.g3.ns1",-1.80256932258427e-05
"165","CTriad_g4.g3.g4.ns1",0.00940050340607856
"166","CTriad_g4.g3.g5.ns1",3.76807527469047e-05
"167","CTriad_g4.g3.g6.ns1",0.00484462845276246
"168","CTriad_g4.g3.g7.ns1",0
"169","CTriad_g4.g4.g1.ns1",0.00657489650090226
"170","CTriad_g4.g4.g2.ns1",0.00568382376631038
"171","CTriad_g4.g4.g3.ns1",2.19606082207946e-05
"172","CTriad_g4.g4.g4.ns1",-4.3518192793357e-05
"173","CTriad_g4.g4.g5.ns1",-3.95287340280159e-05
"174","CTriad_g4.g4.g6.ns1",0.00949725739880747
"175","CTriad_g4.g4.g7.ns1",0
"176","CTriad_g4.g5.g1.ns1",-7.06890807331551e-05
"177","CTriad_g4.g5.g2.ns1",0.0165775635435328
"178","CTriad_g4.g5.g3.ns1",0.00998021486316758
"179","CTriad_g4.g5.g4.ns1",2.78691721080637e-05
"180","CTriad_g4.g5.g5.ns1",0.000733684707576066
"181","CTriad_g4.g5.g6.ns1",6.61912546817689e-06
"182","CTriad_g4.g5.g7.ns1",-1.05048356507931e-05
"183","CTriad_g4.g6.g1.ns1",-5.95500587265985e-05
"184","CTriad_g4.g6.g2.ns1",0.0100075188728064
"185","CTriad_g4.g6.g3.ns1",0.00489598116115231
"186","CTriad_g4.g6.g4.ns1",0.00969809512017183
"187","CTriad_g4.g6.g5.ns1",3.74655367363363e-06
"188","CTriad_g4.g6.g6.ns1",0.00945550114398941
"189","CTriad_g4.g6.g7.ns1",0
"190","CTriad_g4.g7.g1.ns1",0
"191","CTriad_g4.g7.g2.ns1",0
"192","CTriad_g4.g7.g3.ns1",0
"193","CTriad_g4.g7.g4.ns1",0
"194","CTriad_g4.g7.g5.ns1",0
"195","CTriad_g4.g7.g6.ns1",4.30016527680488e-05
"196","CTriad_g4.g7.g7.ns1",0
"197","CTriad_g5.g1.g1.ns1",0.0137022546932536
"198","CTriad_g5.g1.g2.ns1",0.000355923627526677
"199","CTriad_g5.g1.g3.ns1",-0.00054518452283514
"200","CTriad_g5.g1.g4.ns1",6.12006147016064e-05
"201","CTriad_g5.g1.g5.ns1",-9.51686412665742e-05
"202","CTriad_g5.g1.g6.ns1",0.000219397390287313
"203","CTriad_g5.g1.g7.ns1",0
"204","CTriad_g5.g2.g1.ns1",0.0046309366256565
"205","CTriad_g5.g2.g2.ns1",-0.000159992697397526
"206","CTriad_g5.g2.g3.ns1",0.0301604349289137
"207","CTriad_g5.g2.g4.ns1",4.99358502425995e-06
"208","CTriad_g5.g2.g5.ns1",-6.44038128211344e-05
"209","CTriad_g5.g2.g6.ns1",4.61373663135367e-05
"210","CTriad_g5.g2.g7.ns1",0
"211","CTriad_g5.g3.g1.ns1",0.0136080456193532
"212","CTriad_g5.g3.g2.ns1",0.0139056853814427
"213","CTriad_g5.g3.g3.ns1",0.00940106714963962
"214","CTriad_g5.g3.g4.ns1",-5.03897768022732e-06
"215","CTriad_g5.g3.g5.ns1",4.40533226786499e-05
"216","CTriad_g5.g3.g6.ns1",1.31809692861529e-05
"217","CTriad_g5.g3.g7.ns1",0.00338764912034106
"218","CTriad_g5.g4.g1.ns1",0.0132281450507337
"219","CTriad_g5.g4.g2.ns1",0.00432135314218074
"220","CTriad_g5.g4.g3.ns1",-0.00010012730327702
"221","CTriad_g5.g4.g4.ns1",0.00788070998354151
"222","CTriad_g5.g4.g5.ns1",0.020182417152024
"223","CTriad_g5.g4.g6.ns1",-6.81107988937946e-05
"224","CTriad_g5.g4.g7.ns1",0.000240866096107073
"225","CTriad_g5.g5.g1.ns1",2.76838808618285e-05
"226","CTriad_g5.g5.g2.ns1",0.00171618145441965
"227","CTriad_g5.g5.g3.ns1",-0.000187808710072512
"228","CTriad_g5.g5.g4.ns1",-0.00344320973599599
"229","CTriad_g5.g5.g5.ns1",0.00350608451869316
"230","CTriad_g5.g5.g6.ns1",0.000198569759975786
"231","CTriad_g5.g5.g7.ns1",0
"232","CTriad_g5.g6.g1.ns1",0.000139570834906344
"233","CTriad_g5.g6.g2.ns1",-1.93189300834451e-05
"234","CTriad_g5.g6.g3.ns1",0.000570151607974911
"235","CTriad_g5.g6.g4.ns1",0.000167103823685233
"236","CTriad_g5.g6.g5.ns1",9.12180099821303e-06
"237","CTriad_g5.g6.g6.ns1",0.0162959498111068
"238","CTriad_g5.g6.g7.ns1",0
"239","CTriad_g5.g7.g1.ns1",0
"240","CTriad_g5.g7.g2.ns1",0
"241","CTriad_g5.g7.g3.ns1",0
"242","CTriad_g5.g7.g4.ns1",0
"243","CTriad_g5.g7.g5.ns1",0
"244","CTriad_g5.g7.g6.ns1",0
"245","CTriad_g5.g7.g7.ns1",0
"246","CTriad_g6.g1.g1.ns1",3.31741597063839e-05
"247","CTriad_g6.g1.g2.ns1",0.0103411977662909
"248","CTriad_g6.g1.g3.ns1",-6.60181908429536e-06
"249","CTriad_g6.g1.g4.ns1",3.91298575075361e-06
"250","CTriad_g6.g1.g5.ns1",0.00923251953442816
"251","CTriad_g6.g1.g6.ns1",-1.51251554525444e-05
"252","CTriad_g6.g1.g7.ns1",0
"253","CTriad_g6.g2.g1.ns1",0.000175396548512396
"254","CTriad_g6.g2.g2.ns1",0.000306896806689938
"255","CTriad_g6.g2.g3.ns1",0.00330349237299565
"256","CTriad_g6.g2.g4.ns1",2.8181094238855e-05
"257","CTriad_g6.g2.g5.ns1",-9.41681457242716e-05
"258","CTriad_g6.g2.g6.ns1",0.0266147097046431
"259","CTriad_g6.g2.g7.ns1",0
"260","CTriad_g6.g3.g1.ns1",0.00477258106009493
"261","CTriad_g6.g3.g2.ns1",0.026588564802177
"262","CTriad_g6.g3.g3.ns1",0.0100705354251572
"263","CTriad_g6.g3.g4.ns1",5.81859910263605e-05
"264","CTriad_g6.g3.g5.ns1",-4.57133366449369e-06
"265","CTriad_g6.g3.g6.ns1",-0.00530420668610487
"266","CTriad_g6.g3.g7.ns1",0.000121297269874088
"267","CTriad_g6.g4.g1.ns1",0.0136922150736146
"268","CTriad_g6.g4.g2.ns1",0.0196340102940036
"269","CTriad_g6.g4.g3.ns1",0.00834033648725629
"270","CTriad_g6.g4.g4.ns1",0.027025941135065
"271","CTriad_g6.g4.g5.ns1",1.02270581425756e-05
"272","CTriad_g6.g4.g6.ns1",0.00803549082674471
"273","CTriad_g6.g4.g7.ns1",0
"274","CTriad_g6.g5.g1.ns1",-0.000107710055665233
"275","CTriad_g6.g5.g2.ns1",0.00653366779662834
"276","CTriad_g6.g5.g3.ns1",-8.22060247267498e-05
"277","CTriad_g6.g5.g4.ns1",0.00526439821737512
"278","CTriad_g6.g5.g5.ns1",0.00481097064971026
"279","CTriad_g6.g5.g6.ns1",0.0167423258476556
"280","CTriad_g6.g5.g7.ns1",0
"281","CTriad_g6.g6.g1.ns1",0.000697863267572041
"282","CTriad_g6.g6.g2.ns1",0.00346512961998457
"283","CTriad_g6.g6.g3.ns1",-6.34104298442573e-05
"284","CTriad_g6.g6.g4.ns1",0.000728937103677496
"285","CTriad_g6.g6.g5.ns1",0.000347027457697102
"286","CTriad_g6.g6.g6.ns1",-0.0031757854069544
"287","CTriad_g6.g6.g7.ns1",0
"288","CTriad_g6.g7.g1.ns1",-3.55772624249795e-07
"289","CTriad_g6.g7.g2.ns1",0.000584523783511925
"290","CTriad_g6.g7.g3.ns1",0.00524427502937019
"291","CTriad_g6.g7.g4.ns1",0
"292","CTriad_g6.g7.g5.ns1",0
"293","CTriad_g6.g7.g6.ns1",2.14525695763079e-06
"294","CTriad_g6.g7.g7.ns1",0
"295","CTriad_g7.g1.g1.ns1",1.42180815005943e-05
"296","CTriad_g7.g1.g2.ns1",-5.64492563870367e-06
"297","CTriad_g7.g1.g3.ns1",0
"298","CTriad_g7.g1.g4.ns1",0
"299","CTriad_g7.g1.g5.ns1",-1.56294434935367e-05
"300","CTriad_g7.g1.g6.ns1",0
"301","CTriad_g7.g1.g7.ns1",0
"302","CTriad_g7.g2.g1.ns1",-7.2407776121608e-06
"303","CTriad_g7.g2.g2.ns1",0.0050620462779386
"304","CTriad_g7.g2.g3.ns1",-2.24361609602042e-06
"305","CTriad_g7.g2.g4.ns1",0
"306","CTriad_g7.g2.g5.ns1",0.023336631598473
"307","CTriad_g7.g2.g6.ns1",0
"308","CTriad_g7.g2.g7.ns1",0
"309","CTriad_g7.g3.g1.ns1",0
"310","CTriad_g7.g3.g2.ns1",-6.87210911127778e-05
"311","CTriad_g7.g3.g3.ns1",0
"312","CTriad_g7.g3.g4.ns1",0
"313","CTriad_g7.g3.g5.ns1",-8.57620513516899e-06
"314","CTriad_g7.g3.g6.ns1",0
"315","CTriad_g7.g3.g7.ns1",0
"316","CTriad_g7.g4.g1.ns1",0
"317","CTriad_g7.g4.g2.ns1",0
"318","CTriad_g7.g4.g3.ns1",0
"319","CTriad_g7.g4.g4.ns1",0
"320","CTriad_g7.g4.g5.ns1",0
"321","CTriad_g7.g4.g6.ns1",-1.82294730264321e-05
"322","CTriad_g7.g4.g7.ns1",0
"323","CTriad_g7.g5.g1.ns1",0
"324","CTriad_g7.g5.g2.ns1",0
"325","CTriad_g7.g5.g3.ns1",0
"326","CTriad_g7.g5.g4.ns1",0
"327","CTriad_g7.g5.g5.ns1",0
"328","CTriad_g7.g5.g6.ns1",0
"329","CTriad_g7.g5.g7.ns1",0
"330","CTriad_g7.g6.g1.ns1",0.000354129686523041
"331","CTriad_g7.g6.g2.ns1",0
"332","CTriad_g7.g6.g3.ns1",0
"333","CTriad_g7.g6.g4.ns1",0
"334","CTriad_g7.g6.g5.ns1",0
"335","CTriad_g7.g6.g6.ns1",0.000136472327286086
"336","CTriad_g7.g6.g7.ns1",0
"337","CTriad_g7.g7.g1.ns1",0
"338","CTriad_g7.g7.g2.ns1",0
"339","CTriad_g7.g7.g3.ns1",0
"340","CTriad_g7.g7.g4.ns1",0
"341","CTriad_g7.g7.g5.ns1",0
"342","CTriad_g7.g7.g6.ns1",0
"343","CTriad_g7.g7.g7.ns1",0
"344","PAAC_Xc1.A.ns1",0.00378623654896548
"345","PAAC_Xc1.R.ns1",-0.0051439153843984
"346","PAAC_Xc1.N.ns1",-0.00455825025184586
"347","PAAC_Xc1.D.ns1",0.000619754081354285
"348","PAAC_Xc1.C.ns1",-0.00406110918332092
"349","PAAC_Xc1.Q.ns1",-0.00237863881449318
"350","PAAC_Xc1.E.ns1",0.00338542860625823
"351","PAAC_Xc1.G.ns1",0.00303149377498024
"352","PAAC_Xc1.H.ns1",0.000384263696571407
"353","PAAC_Xc1.I.ns1",-0.0044455504505545
"354","PAAC_Xc1.L.ns1",3.5470933791748e-05
"355","PAAC_Xc1.K.ns1",-0.00436989287209699
"356","PAAC_Xc1.M.ns1",-0.00502364858998039
"357","PAAC_Xc1.F.ns1",-0.00316213254721842
"358","PAAC_Xc1.P.ns1",-0.00119911639213954
"359","PAAC_Xc1.S.ns1",-0.000290509387325444
"360","PAAC_Xc1.T.ns1",-0.000304899871901854
"361","PAAC_Xc1.W.ns1",0.00534375940117682
"362","PAAC_Xc1.Y.ns1",0.00151570522965083
"363","PAAC_Xc1.V.ns1",-0.000726279350998782
"364","PAAC_Xc2.lambda1.ns1",-0.000669894616818878
"365","PAAC_Xc2.lambda2.ns1",-0.00438298535815529
"366","PAAC_Xc2.lambda3.ns1",0.00154345204917705
"367","DPC_AA.ns1",-8.67790513833233e-05
"368","DPC_AC.ns1",0
"369","DPC_AD.ns1",0.000711761001992883
"370","DPC_AE.ns1",-8.26207427527814e-05
"371","DPC_AF.ns1",2.59526125074849e-05
"372","DPC_AG.ns1",-8.17727673639856e-05
"373","DPC_AH.ns1",0
"374","DPC_AI.ns1",-0.00032862067295425
"375","DPC_AK.ns1",-3.57049452714975e-06
"376","DPC_AL.ns1",-9.68194573716108e-05
"377","DPC_AM.ns1",0
"378","DPC_AN.ns1",0.000113451003121212
"379","DPC_AP.ns1",-0.000279714940433107
"380","DPC_AQ.ns1",0
"381","DPC_AR.ns1",7.38813687513051e-05
"382","DPC_AS.ns1",-0.000144932701338307
"383","DPC_AT.ns1",-0.000189007106727979
"384","DPC_AV.ns1",-0.000561140271711502
"385","DPC_AW.ns1",0.000101286078884044
"386","DPC_AY.ns1",0.000101717743227869
"387","DPC_CA.ns1",-1.32718329184378e-05
"388","DPC_CC.ns1",0
"389","DPC_CD.ns1",3.65866385921843e-05
"390","DPC_CE.ns1",0
"391","DPC_CF.ns1",5.13751714780186e-05
"392","DPC_CG.ns1",0
"393","DPC_CH.ns1",0
"394","DPC_CI.ns1",8.42539642508244e-05
"395","DPC_CK.ns1",0
"396","DPC_CL.ns1",-2.0702755156754e-05
"397","DPC_CM.ns1",0
"398","DPC_CN.ns1",2.73882769316058e-05
"399","DPC_CP.ns1",0
"400","DPC_CQ.ns1",0
"401","DPC_CR.ns1",0
"402","DPC_CS.ns1",0
"403","DPC_CT.ns1",0
"404","DPC_CV.ns1",0.000735197329593928
"405","DPC_CW.ns1",0
"406","DPC_CY.ns1",-1.00001947244133e-05
"407","DPC_DA.ns1",-4.70011871310794e-05
"408","DPC_DC.ns1",3.17129754434653e-06
"409","DPC_DD.ns1",-7.98941307857959e-05
"410","DPC_DE.ns1",0.000307071657830837
"411","DPC_DF.ns1",-6.24158386767215e-05
"412","DPC_DG.ns1",0.00170076425157861
"413","DPC_DH.ns1",-9.24902224619384e-06
"414","DPC_DI.ns1",4.5495805300666e-05
"415","DPC_DK.ns1",0.00016092704403059
"416","DPC_DL.ns1",-3.21219294130426e-05
"417","DPC_DM.ns1",-0.000135044284398478
"418","DPC_DN.ns1",3.21447010087628e-06
"419","DPC_DP.ns1",-7.73346728788482e-06
"420","DPC_DQ.ns1",-0.000862569763954379
"421","DPC_DR.ns1",-0.000220886826308719
"422","DPC_DS.ns1",-0.000203412475162312
"423","DPC_DT.ns1",-6.73076500790071e-06
"424","DPC_DV.ns1",-2.71543475848235e-05
"425","DPC_DW.ns1",-4.87757168732283e-06
"426","DPC_DY.ns1",5.92954374489807e-08
"427","DPC_EA.ns1",0.000208695568309047
"428","DPC_EC.ns1",0
"429","DPC_ED.ns1",1.45572192747911e-05
"430","DPC_EE.ns1",-0.000503955307221471
"431","DPC_EF.ns1",2.37181749795923e-08
"432","DPC_EG.ns1",-0.000178063040309762
"433","DPC_EH.ns1",4.53108061271301e-06
"434","DPC_EI.ns1",0.00180969168587897
"435","DPC_EK.ns1",0.000599228934650253
"436","DPC_EL.ns1",-0.000292354497552716
"437","DPC_EM.ns1",-6.26651795441191e-05
"438","DPC_EN.ns1",0.000515308560385952
"439","DPC_EP.ns1",0.000130165009429195
"440","DPC_EQ.ns1",-0.000211551712898439
"441","DPC_ER.ns1",0.000773891960811568
"442","DPC_ES.ns1",-0.000237772815849691
"443","DPC_ET.ns1",-0.00158093515938629
"444","DPC_EV.ns1",0.000355951380937469
"445","DPC_EW.ns1",2.7189355988666e-05
"446","DPC_EY.ns1",0.000199456351610894
"447","DPC_FA.ns1",0.000162534695870242
"448","DPC_FC.ns1",-1.86167048783492e-05
"449","DPC_FD.ns1",8.1718244728135e-05
"450","DPC_FE.ns1",0.00111213088077955
"451","DPC_FF.ns1",1.89745399614694e-07
"452","DPC_FG.ns1",-5.66368142962403e-06
"453","DPC_FH.ns1",0
"454","DPC_FI.ns1",-5.89073520740335e-07
"455","DPC_FK.ns1",-0.000116053523284587
"456","DPC_FL.ns1",-0.000274918419427284
"457","DPC_FM.ns1",-0.000210033973188306
"458","DPC_FN.ns1",0.000334624054983523
"459","DPC_FP.ns1",-0.000719577064345778
"460","DPC_FQ.ns1",0.000120411256462116
"461","DPC_FR.ns1",2.85836423021824e-05
"462","DPC_FS.ns1",-1.53115310799201e-05
"463","DPC_FT.ns1",-0.000121578123046362
"464","DPC_FV.ns1",1.94223493211743e-05
"465","DPC_FW.ns1",0
"466","DPC_FY.ns1",0
"467","DPC_GA.ns1",9.50607360070688e-05
"468","DPC_GC.ns1",0
"469","DPC_GD.ns1",6.94616945680071e-05
"470","DPC_GE.ns1",6.7759705538295e-05
"471","DPC_GF.ns1",-0.000140813036713872
"472","DPC_GG.ns1",0.000160212594378928
"473","DPC_GH.ns1",3.68734895609402e-05
"474","DPC_GI.ns1",-5.66957082497321e-05
"475","DPC_GK.ns1",-0.000106375599928543
"476","DPC_GL.ns1",0.000182849866215418
"477","DPC_GM.ns1",3.55772623583661e-08
"478","DPC_GN.ns1",-0.00030842164919398
"479","DPC_GP.ns1",-0.000735402313402855
"480","DPC_GQ.ns1",1.87168687521e-05
"481","DPC_GR.ns1",0.000101521634894852
"482","DPC_GS.ns1",-0.00115557062245208
"483","DPC_GT.ns1",1.02481480342975e-05
"484","DPC_GV.ns1",6.90258009271583e-05
"485","DPC_GW.ns1",0
"486","DPC_GY.ns1",4.97455881733888e-05
"487","DPC_HA.ns1",1.49045948582005e-05
"488","DPC_HC.ns1",0
"489","DPC_HD.ns1",9.48726998073468e-08
"490","DPC_HE.ns1",-0.000858301779195991
"491","DPC_HF.ns1",0
"492","DPC_HG.ns1",0
"493","DPC_HH.ns1",0
"494","DPC_HI.ns1",-0.000174893882693983
"495","DPC_HK.ns1",0
"496","DPC_HL.ns1",-8.5238493959694e-05
"497","DPC_HM.ns1",-1.06731787297143e-07
"498","DPC_HN.ns1",0
"499","DPC_HP.ns1",0
"500","DPC_HQ.ns1",0
"501","DPC_HR.ns1",0
"502","DPC_HS.ns1",-2.81982680407911e-05
"503","DPC_HT.ns1",-0.000202073630119926
"504","DPC_HV.ns1",-2.69085168443928e-05
"505","DPC_HW.ns1",4.5785169626722e-06
"506","DPC_HY.ns1",7.11545249387768e-08
"507","DPC_IA.ns1",0.000335085915362243
"508","DPC_IC.ns1",0
"509","DPC_ID.ns1",-1.28813870096112e-05
"510","DPC_IE.ns1",-0.000439561471505368
"511","DPC_IF.ns1",-8.06332641806184e-05
"512","DPC_IG.ns1",-0.000153720400825064
"513","DPC_IH.ns1",0
"514","DPC_II.ns1",-0.000212580398720519
"515","DPC_IK.ns1",0.000591593732782614
"516","DPC_IL.ns1",-0.00094669335582287
"517","DPC_IM.ns1",5.95593761422153e-05
"518","DPC_IN.ns1",0.000170273773905549
"519","DPC_IP.ns1",-3.16877729582554e-05
"520","DPC_IQ.ns1",-0.000208755529135907
"521","DPC_IR.ns1",-0.000283385287329296
"522","DPC_IS.ns1",-0.000571064489067408
"523","DPC_IT.ns1",-0.000172670930465801
"524","DPC_IV.ns1",0.000592778920176618
"525","DPC_IW.ns1",0
"526","DPC_IY.ns1",0
"527","DPC_KA.ns1",0.00105555597328855
"528","DPC_KC.ns1",0
"529","DPC_KD.ns1",-2.2484037694892e-05
"530","DPC_KE.ns1",0.000203125707214702
"531","DPC_KF.ns1",-2.39504391784662e-05
"532","DPC_KG.ns1",0.000826487308766111
"533","DPC_KH.ns1",4.36144908044778e-05
"534","DPC_KI.ns1",0.000154658239189587
"535","DPC_KK.ns1",4.8448313156868e-06
"536","DPC_KL.ns1",-6.67886403350471e-05
"537","DPC_KM.ns1",-0.00107147232216043
"538","DPC_KN.ns1",0.000733154260401769
"539","DPC_KP.ns1",-1.52795767613956e-05
"540","DPC_KQ.ns1",0.00152219989029467
"541","DPC_KR.ns1",-4.80056887796065e-05
"542","DPC_KS.ns1",-0.000140938144978842
"543","DPC_KT.ns1",-0.000205330339706711
"544","DPC_KV.ns1",-0.00016772083039085
"545","DPC_KW.ns1",-0.000193295934646898
"546","DPC_KY.ns1",9.32133503073196e-06
"547","DPC_LA.ns1",6.65556418011359e-06
"548","DPC_LC.ns1",-8.02061278688537e-05
"549","DPC_LD.ns1",0.000206964947799926
"550","DPC_LE.ns1",-0.000102402163996929
"551","DPC_LF.ns1",4.70965026588832e-06
"552","DPC_LG.ns1",0.000138700013933013
"553","DPC_LH.ns1",0
"554","DPC_LI.ns1",2.4995583259857e-05
"555","DPC_LK.ns1",-0.00073604867853061
"556","DPC_LL.ns1",0.000112903868056735
"557","DPC_LM.ns1",-9.61428493869709e-05
"558","DPC_LN.ns1",6.78571953062201e-05
"559","DPC_LP.ns1",0.000185793351503705
"560","DPC_LQ.ns1",0.000406546933302776
"561","DPC_LR.ns1",-0.000301450484160193
"562","DPC_LS.ns1",-4.83980341782209e-05
"563","DPC_LT.ns1",-6.43483386082444e-05
"564","DPC_LV.ns1",-0.000152018491892281
"565","DPC_LW.ns1",-4.71837779847384e-07
"566","DPC_LY.ns1",3.15445353171739e-06
"567","DPC_MA.ns1",-2.63086297161985e-05
"568","DPC_MC.ns1",-6.63590262364178e-05
"569","DPC_MD.ns1",0.000703012310279805
"570","DPC_ME.ns1",0.000138685573939368
"571","DPC_MF.ns1",0
"572","DPC_MG.ns1",-3.93410893968493e-05
"573","DPC_MH.ns1",0
"574","DPC_MI.ns1",-2.39673188351386e-05
"575","DPC_MK.ns1",-5.57323101465501e-05
"576","DPC_ML.ns1",-0.000299579903322522
"577","DPC_MM.ns1",0
"578","DPC_MN.ns1",-1.02862720025021e-05
"579","DPC_MP.ns1",-0.000201966581276025
"580","DPC_MQ.ns1",0
"581","DPC_MR.ns1",-3.74711993399446e-05
"582","DPC_MS.ns1",-0.000101984172174219
"583","DPC_MT.ns1",-7.96970911961514e-05
"584","DPC_MV.ns1",-5.76225748485371e-05
"585","DPC_MW.ns1",0
"586","DPC_MY.ns1",0
"587","DPC_NA.ns1",-4.14344403056877e-05
"588","DPC_NC.ns1",-0.000128372772743801
"589","DPC_ND.ns1",-0.000258090518317378
"590","DPC_NE.ns1",-0.000388630381287336
"591","DPC_NF.ns1",-0.000167609817894987
"592","DPC_NG.ns1",0.0012760760070899
"593","DPC_NH.ns1",0
"594","DPC_NI.ns1",-0.000399965888756126
"595","DPC_NK.ns1",-1.69891422041601e-08
"596","DPC_NL.ns1",-0.000440984228511909
"597","DPC_NM.ns1",0
"598","DPC_NN.ns1",1.84565302465689e-05
"599","DPC_NP.ns1",-4.89178719476069e-06
"600","DPC_NQ.ns1",4.10657191796115e-06
"601","DPC_NR.ns1",-5.54276420833277e-05
"602","DPC_NS.ns1",-0.000240472876711473
"603","DPC_NT.ns1",-0.000123131751893713
"604","DPC_NV.ns1",3.51808491116934e-06
"605","DPC_NW.ns1",0.000162713990097263
"606","DPC_NY.ns1",0
"607","DPC_PA.ns1",6.76906130289145e-05
"608","DPC_PC.ns1",0
"609","DPC_PD.ns1",-5.04627890296483e-06
"610","DPC_PE.ns1",-0.000245963096223489
"611","DPC_PF.ns1",-0.000761179292824821
"612","DPC_PG.ns1",-6.81093338300576e-05
"613","DPC_PH.ns1",0
"614","DPC_PI.ns1",-6.97555623855317e-05
"615","DPC_PK.ns1",0.00110422863439619
"616","DPC_PL.ns1",-0.000727864479344253
"617","DPC_PM.ns1",0
"618","DPC_PN.ns1",-0.000110429450984939
"619","DPC_PP.ns1",-9.86562765271648e-05
"620","DPC_PQ.ns1",0
"621","DPC_PR.ns1",-0.00013199639172623
"622","DPC_PS.ns1",-4.40684436814331e-05
"623","DPC_PT.ns1",-1.8960209787422e-05
"624","DPC_PV.ns1",5.89340017120854e-07
"625","DPC_PW.ns1",0
"626","DPC_PY.ns1",-2.371817486857e-08
"627","DPC_QA.ns1",-0.0001775473765393
"628","DPC_QC.ns1",0
"629","DPC_QD.ns1",-1.52404513221738e-05
"630","DPC_QE.ns1",-5.37771589514957e-06
"631","DPC_QF.ns1",3.03667573358091e-05
"632","DPC_QG.ns1",0
"633","DPC_QH.ns1",0
"634","DPC_QI.ns1",-1.1790002702794e-05
"635","DPC_QK.ns1",9.31981624223699e-05
"636","DPC_QL.ns1",-4.27009976216031e-05
"637","DPC_QM.ns1",0
"638","DPC_QN.ns1",-1.32128418421917e-05
"639","DPC_QP.ns1",2.23573785321785e-05
"640","DPC_QQ.ns1",0
"641","DPC_QR.ns1",-7.71573997304653e-05
"642","DPC_QS.ns1",-1.7310120144165e-05
"643","DPC_QT.ns1",4.83916106540638e-05
"644","DPC_QV.ns1",2.0383321604367e-05
"645","DPC_QW.ns1",0
"646","DPC_QY.ns1",4.59037605016199e-06
"647","DPC_RA.ns1",0.00134242758608605
"648","DPC_RC.ns1",0
"649","DPC_RD.ns1",-9.73347171780992e-05
"650","DPC_RE.ns1",-2.41800728261188e-05
"651","DPC_RF.ns1",0.000752016883594164
"652","DPC_RG.ns1",-0.000174190627850734
"653","DPC_RH.ns1",-1.39445741890176e-05
"654","DPC_RI.ns1",-2.90189252591944e-05
"655","DPC_RK.ns1",-0.000184339259486244
"656","DPC_RL.ns1",0.000740848757003421
"657","DPC_RM.ns1",-0.000182255665378883
"658","DPC_RN.ns1",-0.000211902521695229
"659","DPC_RP.ns1",-1.8968832943056e-05
"660","DPC_RQ.ns1",0.000163074900178972
"661","DPC_RR.ns1",4.5959373402793e-05
"662","DPC_RS.ns1",-0.000149509705526851
"663","DPC_RT.ns1",-5.78286071725165e-05
"664","DPC_RV.ns1",3.01535203200975e-05
"665","DPC_RW.ns1",0
"666","DPC_RY.ns1",8.60099774571133e-05
"667","DPC_SA.ns1",3.96359959209391e-05
"668","DPC_SC.ns1",0.000283949301199127
"669","DPC_SD.ns1",0.000832694699819947
"670","DPC_SE.ns1",1.95623043197646e-05
"671","DPC_SF.ns1",-0.000681473890384865
"672","DPC_SG.ns1",-3.85021138117336e-05
"673","DPC_SH.ns1",-0.000530774999796813
"674","DPC_SI.ns1",-5.96727030107713e-05
"675","DPC_SK.ns1",-9.25824500747074e-05
"676","DPC_SL.ns1",0.000670729548877258
"677","DPC_SM.ns1",6.9631168404638e-05
"678","DPC_SN.ns1",8.76317005260585e-06
"679","DPC_SP.ns1",-1.20710862834272e-05
"680","DPC_SQ.ns1",-9.15965580516875e-06
"681","DPC_SR.ns1",-0.000251610483807396
"682","DPC_SS.ns1",7.71990576997617e-06
"683","DPC_ST.ns1",-0.000100375426996369
"684","DPC_SV.ns1",0.00027029952515889
"685","DPC_SW.ns1",1.18590874897961e-08
"686","DPC_SY.ns1",-1.90868210918627e-05
"687","DPC_TA.ns1",-1.937200349722e-05
"688","DPC_TC.ns1",6.02140791639005e-06
"689","DPC_TD.ns1",-0.00090906081803932
"690","DPC_TE.ns1",-0.000238031418427709
"691","DPC_TF.ns1",-0.000114678632649357
"692","DPC_TG.ns1",-0.00112779637134641
"693","DPC_TH.ns1",-0.000201961779085824
"694","DPC_TI.ns1",2.4515775314371e-05
"695","DPC_TK.ns1",-4.55479878758158e-06
"696","DPC_TL.ns1",0.000333555165337396
"697","DPC_TM.ns1",-0.000546045991304256
"698","DPC_TN.ns1",-0.000568562473189815
"699","DPC_TP.ns1",0.000630715875553634
"700","DPC_TQ.ns1",1.85874311428025e-05
"701","DPC_TR.ns1",0.000207934285736622
"702","DPC_TS.ns1",-3.87274021251827e-06
"703","DPC_TT.ns1",2.97321049816945e-05
"704","DPC_TV.ns1",0.000110996607439073
"705","DPC_TW.ns1",-1.00864319432237e-05
"706","DPC_TY.ns1",2.7363313959583e-05
"707","DPC_VA.ns1",-8.87589509476205e-05
"708","DPC_VC.ns1",-7.21540443948676e-05
"709","DPC_VD.ns1",8.84244352934438e-05
"710","DPC_VE.ns1",-3.39798446415962e-05
"711","DPC_VF.ns1",2.25679406277157e-05
"712","DPC_VG.ns1",0.000704372198984116
"713","DPC_VH.ns1",0
"714","DPC_VI.ns1",-1.72739358251794e-05
"715","DPC_VK.ns1",0.000929079720878523
"716","DPC_VL.ns1",-0.000221567121751476
"717","DPC_VM.ns1",9.18396706769409e-05
"718","DPC_VN.ns1",1.40430824543403e-05
"719","DPC_VP.ns1",0.000207503211793303
"720","DPC_VQ.ns1",1.82436124342988e-05
"721","DPC_VR.ns1",-0.000143535138119044
"722","DPC_VS.ns1",9.20724683395324e-06
"723","DPC_VT.ns1",-0.00080421668993369
"724","DPC_VV.ns1",-0.000432465059443277
"725","DPC_VW.ns1",0
"726","DPC_VY.ns1",0
"727","DPC_WA.ns1",0
"728","DPC_WC.ns1",0
"729","DPC_WD.ns1",0
"730","DPC_WE.ns1",0
"731","DPC_WF.ns1",-0.000128471878145797
"732","DPC_WG.ns1",-2.7203198105008e-05
"733","DPC_WH.ns1",3.25533128253674e-06
"734","DPC_WI.ns1",9.77868210515487e-05
"735","DPC_WK.ns1",4.80383962464526e-06
"736","DPC_WL.ns1",-0.000159474896067158
"737","DPC_WM.ns1",0
"738","DPC_WN.ns1",-0.00011849042325951
"739","DPC_WP.ns1",0
"740","DPC_WQ.ns1",0
"741","DPC_WR.ns1",-4.2076643870792e-05
"742","DPC_WS.ns1",1.19824397526447e-06
"743","DPC_WT.ns1",0
"744","DPC_WV.ns1",0
"745","DPC_WW.ns1",0
"746","DPC_WY.ns1",-6.37826405925912e-05
"747","DPC_YA.ns1",0
"748","DPC_YC.ns1",0
"749","DPC_YD.ns1",4.00016094781463e-05
"750","DPC_YE.ns1",-0.000254099469049973
"751","DPC_YF.ns1",0
"752","DPC_YG.ns1",1.28392070780636e-05
"753","DPC_YH.ns1",0
"754","DPC_YI.ns1",0.000331723845852117
"755","DPC_YK.ns1",1.795212838962e-05
"756","DPC_YL.ns1",0.000949866589019077
"757","DPC_YM.ns1",-1.64010012767557e-05
"758","DPC_YN.ns1",4.12803964222608e-06
"759","DPC_YP.ns1",0
"760","DPC_YQ.ns1",5.69555994489601e-06
"761","DPC_YR.ns1",0
"762","DPC_YS.ns1",0
"763","DPC_YT.ns1",2.31840735214206e-05
"764","DPC_YV.ns1",1.38085082601602e-06
"765","DPC_YW.ns1",0
"766","DPC_YY.ns1",3.74240253778746e-05
"767","CTDC_hydrophobicity_PRAM900101.G1.ns1",-0.00368144723371744
"768","CTDC_hydrophobicity_PRAM900101.G2.ns1",-0.00287006591135874
"769","CTDC_hydrophobicity_PRAM900101.G3.ns1",-0.00418336748958537
"770","CTDC_hydrophobicity_ARGP820101.G1.ns1",-8.59298537755349e-05
"771","CTDC_hydrophobicity_ARGP820101.G2.ns1",-0.00193905861070043
"772","CTDC_hydrophobicity_ARGP820101.G3.ns1",-0.00112476245581539
"773","CTDC_hydrophobicity_ZIMJ680101.G1.ns1",0.00034346206279956
"774","CTDC_hydrophobicity_ZIMJ680101.G2.ns1",-0.00062150373244152
"775","CTDC_hydrophobicity_ZIMJ680101.G3.ns1",-0.000554793723815616
"776","CTDC_hydrophobicity_PONP930101.G1.ns1",-0.0005532447663531
"777","CTDC_hydrophobicity_PONP930101.G2.ns1",-0.0045344036563375
"778","CTDC_hydrophobicity_PONP930101.G3.ns1",-0.00395969663541196
"779","CTDC_hydrophobicity_CASG920101.G1.ns1",-0.000207028877090565
"780","CTDC_hydrophobicity_CASG920101.G2.ns1",-0.00401455729126576
"781","CTDC_hydrophobicity_CASG920101.G3.ns1",-0.00687871415141916
"782","CTDC_hydrophobicity_ENGD860101.G1.ns1",-0.00415467981325335
"783","CTDC_hydrophobicity_ENGD860101.G2.ns1",6.72582847760506e-05
"784","CTDC_hydrophobicity_ENGD860101.G3.ns1",-0.00014566570294805
"785","CTDC_hydrophobicity_FASG890101.G1.ns1",-0.00348679788182282
"786","CTDC_hydrophobicity_FASG890101.G2.ns1",-0.00158384454010052
"787","CTDC_hydrophobicity_FASG890101.G3.ns1",-0.000181190441353007
"788","CTDC_normwaalsvolume.G1.ns1",-6.01745829611477e-05
"789","CTDC_normwaalsvolume.G2.ns1",-0.00429985800736288
"790","CTDC_normwaalsvolume.G3.ns1",0.000841364667512612
"791","CTDC_polarity.G1.ns1",-0.000623314400273522
"792","CTDC_polarity.G2.ns1",-0.000212864507256771
"793","CTDC_polarity.G3.ns1",-0.00443226596549984
"794","CTDC_polarizability.G1.ns1",-0.00042042036392298
"795","CTDC_polarizability.G2.ns1",-0.000894205860975883
"796","CTDC_polarizability.G3.ns1",0.000322904333400875
"797","CTDC_charge.G1.ns1",-0.00448245780661927
"798","CTDC_charge.G2.ns1",0.000495864145833469
"799","CTDC_charge.G3.ns1",0.00316084340463296
"800","CTDC_secondarystruct.G1.ns1",-0.000543471697804776
"801","CTDC_secondarystruct.G2.ns1",-0.00091314002781484
"802","CTDC_secondarystruct.G3.ns1",-0.000789006749556287
"803","CTDC_solventaccess.G1.ns1",-7.31865617309424e-06
"804","CTDC_solventaccess.G2.ns1",0.000393990482402962
"805","CTDC_solventaccess.G3.ns1",-0.000352729952357911
"806","CTDD_hydrophobicity_PRAM900101.1.residue0.ns1",-3.70000775469226e-05
"807","CTDD_hydrophobicity_PRAM900101.1.residue25.ns1",0.00131399942119548
"808","CTDD_hydrophobicity_PRAM900101.1.residue50.ns1",0.000297326249826702
"809","CTDD_hydrophobicity_PRAM900101.1.residue75.ns1",-0.000150336310758781
"810","CTDD_hydrophobicity_PRAM900101.1.residue100.ns1",0.000133205288744831
"811","CTDD_hydrophobicity_PRAM900101.2.residue0.ns1",-8.08212520737595e-05
"812","CTDD_hydrophobicity_PRAM900101.2.residue25.ns1",3.26329184305862e-05
"813","CTDD_hydrophobicity_PRAM900101.2.residue50.ns1",-2.14522894597113e-05
"814","CTDD_hydrophobicity_PRAM900101.2.residue75.ns1",-0.000157048600574083
"815","CTDD_hydrophobicity_PRAM900101.2.residue100.ns1",-0.000102839925925302
"816","CTDD_hydrophobicity_PRAM900101.3.residue0.ns1",-1.3874378273826e-05
"817","CTDD_hydrophobicity_PRAM900101.3.residue25.ns1",4.3885833721391e-05
"818","CTDD_hydrophobicity_PRAM900101.3.residue50.ns1",0.000246534773232887
"819","CTDD_hydrophobicity_PRAM900101.3.residue75.ns1",-0.000258419089955608
"820","CTDD_hydrophobicity_PRAM900101.3.residue100.ns1",-4.72231696685421e-05
"821","CTDD_hydrophobicity_ARGP820101.1.residue0.ns1",-9.06131413345168e-05
"822","CTDD_hydrophobicity_ARGP820101.1.residue25.ns1",-0.000106048149832949
"823","CTDD_hydrophobicity_ARGP820101.1.residue50.ns1",-2.31400079061528e-05
"824","CTDD_hydrophobicity_ARGP820101.1.residue75.ns1",-0.000394013239636615
"825","CTDD_hydrophobicity_ARGP820101.1.residue100.ns1",-0.000230994729566558
"826","CTDD_hydrophobicity_ARGP820101.2.residue0.ns1",5.27219353484432e-05
"827","CTDD_hydrophobicity_ARGP820101.2.residue25.ns1",2.25519174608113e-05
"828","CTDD_hydrophobicity_ARGP820101.2.residue50.ns1",-0.000166613019730422
"829","CTDD_hydrophobicity_ARGP820101.2.residue75.ns1",-0.000216547410868739
"830","CTDD_hydrophobicity_ARGP820101.2.residue100.ns1",-0.000259012251715429
"831","CTDD_hydrophobicity_ARGP820101.3.residue0.ns1",-0.000131717461917313
"832","CTDD_hydrophobicity_ARGP820101.3.residue25.ns1",-4.92877064370845e-05
"833","CTDD_hydrophobicity_ARGP820101.3.residue50.ns1",0.000116759798197807
"834","CTDD_hydrophobicity_ARGP820101.3.residue75.ns1",-0.000115681326268269
"835","CTDD_hydrophobicity_ARGP820101.3.residue100.ns1",3.71553675604375e-06
"836","CTDD_hydrophobicity_ZIMJ680101.1.residue0.ns1",-4.989090937213e-05
"837","CTDD_hydrophobicity_ZIMJ680101.1.residue25.ns1",8.3349480754169e-05
"838","CTDD_hydrophobicity_ZIMJ680101.1.residue50.ns1",0.00072633935679689
"839","CTDD_hydrophobicity_ZIMJ680101.1.residue75.ns1",0.00016177622731417
"840","CTDD_hydrophobicity_ZIMJ680101.1.residue100.ns1",-3.45639971963685e-05
"841","CTDD_hydrophobicity_ZIMJ680101.2.residue0.ns1",0.000231075282640325
"842","CTDD_hydrophobicity_ZIMJ680101.2.residue25.ns1",0.000228597552426879
"843","CTDD_hydrophobicity_ZIMJ680101.2.residue50.ns1",-0.000202206323796306
"844","CTDD_hydrophobicity_ZIMJ680101.2.residue75.ns1",-0.000878470486368577
"845","CTDD_hydrophobicity_ZIMJ680101.2.residue100.ns1",-0.000102005833478525
"846","CTDD_hydrophobicity_ZIMJ680101.3.residue0.ns1",-4.12876359436876e-05
"847","CTDD_hydrophobicity_ZIMJ680101.3.residue25.ns1",-9.9589548476775e-05
"848","CTDD_hydrophobicity_ZIMJ680101.3.residue50.ns1",-0.000108917062262348
"849","CTDD_hydrophobicity_ZIMJ680101.3.residue75.ns1",-0.000122774132449766
"850","CTDD_hydrophobicity_ZIMJ680101.3.residue100.ns1",-0.000192989736413463
"851","CTDD_hydrophobicity_PONP930101.1.residue0.ns1",-9.72217314247903e-05
"852","CTDD_hydrophobicity_PONP930101.1.residue25.ns1",-0.000396304418705307
"853","CTDD_hydrophobicity_PONP930101.1.residue50.ns1",-0.000194031173678555
"854","CTDD_hydrophobicity_PONP930101.1.residue75.ns1",-0.00011708237803576
"855","CTDD_hydrophobicity_PONP930101.1.residue100.ns1",-8.19231421477218e-05
"856","CTDD_hydrophobicity_PONP930101.2.residue0.ns1",-0.000180474399348762
"857","CTDD_hydrophobicity_PONP930101.2.residue25.ns1",-0.000162681882432292
"858","CTDD_hydrophobicity_PONP930101.2.residue50.ns1",0.000149004178204071
"859","CTDD_hydrophobicity_PONP930101.2.residue75.ns1",0.000119248187302801
"860","CTDD_hydrophobicity_PONP930101.2.residue100.ns1",0.000601191186493155
"861","CTDD_hydrophobicity_PONP930101.3.residue0.ns1",-8.1179524692887e-05
"862","CTDD_hydrophobicity_PONP930101.3.residue25.ns1",-0.000335297316218064
"863","CTDD_hydrophobicity_PONP930101.3.residue50.ns1",-0.000484876512222288
"864","CTDD_hydrophobicity_PONP930101.3.residue75.ns1",-0.000106547260256828
"865","CTDD_hydrophobicity_PONP930101.3.residue100.ns1",-0.000211586575691647
"866","CTDD_hydrophobicity_CASG920101.1.residue0.ns1",-0.000160377711518556
"867","CTDD_hydrophobicity_CASG920101.1.residue25.ns1",-0.000170800444382335
"868","CTDD_hydrophobicity_CASG920101.1.residue50.ns1",-0.000174613139044433
"869","CTDD_hydrophobicity_CASG920101.1.residue75.ns1",-7.31922266292706e-05
"870","CTDD_hydrophobicity_CASG920101.1.residue100.ns1",-0.000110841816218565
"871","CTDD_hydrophobicity_CASG920101.2.residue0.ns1",5.71398489161989e-05
"872","CTDD_hydrophobicity_CASG920101.2.residue25.ns1",-7.1955101281107e-05
"873","CTDD_hydrophobicity_CASG920101.2.residue50.ns1",5.25015229555503e-05
"874","CTDD_hydrophobicity_CASG920101.2.residue75.ns1",-0.000186695418396443
"875","CTDD_hydrophobicity_CASG920101.2.residue100.ns1",6.23445313236992e-05
"876","CTDD_hydrophobicity_CASG920101.3.residue0.ns1",0.000101037528030146
"877","CTDD_hydrophobicity_CASG920101.3.residue25.ns1",9.95450316684243e-05
"878","CTDD_hydrophobicity_CASG920101.3.residue50.ns1",8.75289356478959e-05
"879","CTDD_hydrophobicity_CASG920101.3.residue75.ns1",-0.000441653911625872
"880","CTDD_hydrophobicity_CASG920101.3.residue100.ns1",0.000304080790676342
"881","CTDD_hydrophobicity_ENGD860101.1.residue0.ns1",-8.30601293835276e-05
"882","CTDD_hydrophobicity_ENGD860101.1.residue25.ns1",-7.67123889534593e-05
"883","CTDD_hydrophobicity_ENGD860101.1.residue50.ns1",-0.00014815603333096
"884","CTDD_hydrophobicity_ENGD860101.1.residue75.ns1",1.26774754043435e-05
"885","CTDD_hydrophobicity_ENGD860101.1.residue100.ns1",-0.000105217433561844
"886","CTDD_hydrophobicity_ENGD860101.2.residue0.ns1",-0.00013532319014864
"887","CTDD_hydrophobicity_ENGD860101.2.residue25.ns1",0.000710946480038666
"888","CTDD_hydrophobicity_ENGD860101.2.residue50.ns1",0.000249618427087039
"889","CTDD_hydrophobicity_ENGD860101.2.residue75.ns1",9.6869309399894e-05
"890","CTDD_hydrophobicity_ENGD860101.2.residue100.ns1",0.000230027967168978
"891","CTDD_hydrophobicity_ENGD860101.3.residue0.ns1",5.79674837493105e-05
"892","CTDD_hydrophobicity_ENGD860101.3.residue25.ns1",2.17799338386726e-05
"893","CTDD_hydrophobicity_ENGD860101.3.residue50.ns1",-0.000174536637122191
"894","CTDD_hydrophobicity_ENGD860101.3.residue75.ns1",-3.08893717011482e-05
"895","CTDD_hydrophobicity_ENGD860101.3.residue100.ns1",-0.00014371337872332
"896","CTDD_hydrophobicity_FASG890101.1.residue0.ns1",0.000275263034626883
"897","CTDD_hydrophobicity_FASG890101.1.residue25.ns1",-0.000271815398617425
"898","CTDD_hydrophobicity_FASG890101.1.residue50.ns1",-1.24372444554322e-05
"899","CTDD_hydrophobicity_FASG890101.1.residue75.ns1",-0.000218248089328688
"900","CTDD_hydrophobicity_FASG890101.1.residue100.ns1",-2.84917435904308e-05
"901","CTDD_hydrophobicity_FASG890101.2.residue0.ns1",-5.19758770460843e-05
"902","CTDD_hydrophobicity_FASG890101.2.residue25.ns1",-9.94298295167173e-05
"903","CTDD_hydrophobicity_FASG890101.2.residue50.ns1",-8.01599183641866e-06
"904","CTDD_hydrophobicity_FASG890101.2.residue75.ns1",0.000924889885878133
"905","CTDD_hydrophobicity_FASG890101.2.residue100.ns1",-0.00178277034141772
"906","CTDD_hydrophobicity_FASG890101.3.residue0.ns1",-8.03206980538596e-05
"907","CTDD_hydrophobicity_FASG890101.3.residue25.ns1",9.3306979321528e-05
"908","CTDD_hydrophobicity_FASG890101.3.residue50.ns1",-0.000110323984944372
"909","CTDD_hydrophobicity_FASG890101.3.residue75.ns1",4.80282627600692e-05
"910","CTDD_hydrophobicity_FASG890101.3.residue100.ns1",-1.31410302927071e-05
"911","CTDD_normwaalsvolume.1.residue0.ns1",9.39359287277508e-05
"912","CTDD_normwaalsvolume.1.residue25.ns1",-4.163533979884e-05
"913","CTDD_normwaalsvolume.1.residue50.ns1",-3.22034701148999e-05
"914","CTDD_normwaalsvolume.1.residue75.ns1",-0.00413746250571823
"915","CTDD_normwaalsvolume.1.residue100.ns1",-0.000185808094414708
"916","CTDD_normwaalsvolume.2.residue0.ns1",-2.02755195749527e-05
"917","CTDD_normwaalsvolume.2.residue25.ns1",-0.000125826426938369
"918","CTDD_normwaalsvolume.2.residue50.ns1",0.00024344788303976
"919","CTDD_normwaalsvolume.2.residue75.ns1",0.000558998324194371
"920","CTDD_normwaalsvolume.2.residue100.ns1",-9.29380466633267e-05
"921","CTDD_normwaalsvolume.3.residue0.ns1",-8.98075131035014e-05
"922","CTDD_normwaalsvolume.3.residue25.ns1",0.000951460754181732
"923","CTDD_normwaalsvolume.3.residue50.ns1",0.000606423593144889
"924","CTDD_normwaalsvolume.3.residue75.ns1",0.00108728530331725
"925","CTDD_normwaalsvolume.3.residue100.ns1",-0.00375238133256228
"926","CTDD_polarity.1.residue0.ns1",-2.29555759625466e-05
"927","CTDD_polarity.1.residue25.ns1",-4.51633458509182e-05
"928","CTDD_polarity.1.residue50.ns1",3.37571672890391e-05
"929","CTDD_polarity.1.residue75.ns1",-0.000316019465658401
"930","CTDD_polarity.1.residue100.ns1",0.000243448285152992
"931","CTDD_polarity.2.residue0.ns1",-6.0447527150953e-05
"932","CTDD_polarity.2.residue25.ns1",-2.14776471423317e-05
"933","CTDD_polarity.2.residue50.ns1",-0.000305808651578587
"934","CTDD_polarity.2.residue75.ns1",6.50482419268794e-05
"935","CTDD_polarity.2.residue100.ns1",2.2360438021285e-05
"936","CTDD_polarity.3.residue0.ns1",8.25229522881665e-05
"937","CTDD_polarity.3.residue25.ns1",1.38691879613129e-05
"938","CTDD_polarity.3.residue50.ns1",0.000671876226438384
"939","CTDD_polarity.3.residue75.ns1",-5.86951142361736e-05
"940","CTDD_polarity.3.residue100.ns1",0.00031415297479942
"941","CTDD_polarizability.1.residue0.ns1",-0.00019751031714399
"942","CTDD_polarizability.1.residue25.ns1",-0.000203764565510411
"943","CTDD_polarizability.1.residue50.ns1",-0.000187718241150825
"944","CTDD_polarizability.1.residue75.ns1",0.000125040932321463
"945","CTDD_polarizability.1.residue100.ns1",0.000290234113587418
"946","CTDD_polarizability.2.residue0.ns1",6.69546516069985e-05
"947","CTDD_polarizability.2.residue25.ns1",-0.000195383643939007
"948","CTDD_polarizability.2.residue50.ns1",-9.03577464101968e-05
"949","CTDD_polarizability.2.residue75.ns1",0.000745669999505871
"950","CTDD_polarizability.2.residue100.ns1",-7.59712683103819e-05
"951","CTDD_polarizability.3.residue0.ns1",8.09224180842172e-06
"952","CTDD_polarizability.3.residue25.ns1",0.00099261513151383
"953","CTDD_polarizability.3.residue50.ns1",0.000595960219032854
"954","CTDD_polarizability.3.residue75.ns1",0.00109498275673281
"955","CTDD_polarizability.3.residue100.ns1",-0.0010141867195812
"956","CTDD_charge.1.residue0.ns1",-0.00012660733304326
"957","CTDD_charge.1.residue25.ns1",0.000260684376831355
"958","CTDD_charge.1.residue50.ns1",0.000355354184348955
"959","CTDD_charge.1.residue75.ns1",-0.000221431049641563
"960","CTDD_charge.1.residue100.ns1",-0.00469667080945457
"961","CTDD_charge.2.residue0.ns1",5.13225932291528e-05
"962","CTDD_charge.2.residue25.ns1",0.000633780204425172
"963","CTDD_charge.2.residue50.ns1",-5.17815356209095e-05
"964","CTDD_charge.2.residue75.ns1",0.000200062546633628
"965","CTDD_charge.2.residue100.ns1",-0.00013587859274411
"966","CTDD_charge.3.residue0.ns1",-8.69144124291399e-05
"967","CTDD_charge.3.residue25.ns1",-6.9333854345266e-05
"968","CTDD_charge.3.residue50.ns1",-3.82072800189093e-05
"969","CTDD_charge.3.residue75.ns1",8.78939925607058e-05
"970","CTDD_charge.3.residue100.ns1",-5.6235958300066e-05
"971","CTDD_secondarystruct.1.residue0.ns1",-5.89387563014743e-05
"972","CTDD_secondarystruct.1.residue25.ns1",-0.000121948455143461
"973","CTDD_secondarystruct.1.residue50.ns1",0.000121136594303239
"974","CTDD_secondarystruct.1.residue75.ns1",-0.000160712506697913
"975","CTDD_secondarystruct.1.residue100.ns1",-0.000168224914228854
"976","CTDD_secondarystruct.2.residue0.ns1",-0.000112902344585941
"977","CTDD_secondarystruct.2.residue25.ns1",-0.000300708698497631
"978","CTDD_secondarystruct.2.residue50.ns1",-0.000218100471745641
"979","CTDD_secondarystruct.2.residue75.ns1",-0.000592502680204166
"980","CTDD_secondarystruct.2.residue100.ns1",-0.000593892022270004
"981","CTDD_secondarystruct.3.residue0.ns1",-5.68130729451388e-05
"982","CTDD_secondarystruct.3.residue25.ns1",0.00126272294179108
"983","CTDD_secondarystruct.3.residue50.ns1",-0.00104469719184586
"984","CTDD_secondarystruct.3.residue75.ns1",-0.000633973099478435
"985","CTDD_secondarystruct.3.residue100.ns1",-0.000164392016034576
"986","CTDD_solventaccess.1.residue0.ns1",-8.11994607664568e-05
"987","CTDD_solventaccess.1.residue25.ns1",8.25147252497826e-05
"988","CTDD_solventaccess.1.residue50.ns1",-0.000406374352192596
"989","CTDD_solventaccess.1.residue75.ns1",-0.000167445383171039
"990","CTDD_solventaccess.1.residue100.ns1",-0.000135317975074156
"991","CTDD_solventaccess.2.residue0.ns1",-4.54766476924995e-05
"992","CTDD_solventaccess.2.residue25.ns1",-0.000192191985074253
"993","CTDD_solventaccess.2.residue50.ns1",0.00077372457093916
"994","CTDD_solventaccess.2.residue75.ns1",0.000433688186848746
"995","CTDD_solventaccess.2.residue100.ns1",-4.08757586946029e-05
"996","CTDD_solventaccess.3.residue0.ns1",-0.000220882336733563
"997","CTDD_solventaccess.3.residue25.ns1",3.80153432419927e-05
"998","CTDD_solventaccess.3.residue50.ns1",0.000122744593328283
"999","CTDD_solventaccess.3.residue75.ns1",-2.04356131474626e-05
"1000","CTDD_solventaccess.3.residue100.ns1",-5.32207650627559e-05
"1001","CTDT_hydrophobicity_PRAM900101.Tr1221.ns1",0.000551547846861178
"1002","CTDT_hydrophobicity_PRAM900101.Tr1331.ns1",6.97492320609339e-05
"1003","CTDT_hydrophobicity_PRAM900101.Tr2332.ns1",-0.000551661479830545
"1004","CTDT_hydrophobicity_ARGP820101.Tr1221.ns1",-0.000305222701321051
"1005","CTDT_hydrophobicity_ARGP820101.Tr1331.ns1",0.000105301995110829
"1006","CTDT_hydrophobicity_ARGP820101.Tr2332.ns1",-0.000324094777842121
"1007","CTDT_hydrophobicity_ZIMJ680101.Tr1221.ns1",-0.000488154071298985
"1008","CTDT_hydrophobicity_ZIMJ680101.Tr1331.ns1",-0.000276539087540772
"1009","CTDT_hydrophobicity_ZIMJ680101.Tr2332.ns1",-0.000373725062669417
"1010","CTDT_hydrophobicity_PONP930101.Tr1221.ns1",-0.000767131512070973
"1011","CTDT_hydrophobicity_PONP930101.Tr1331.ns1",-0.000315992380079955
"1012","CTDT_hydrophobicity_PONP930101.Tr2332.ns1",4.00517493593933e-05
"1013","CTDT_hydrophobicity_CASG920101.Tr1221.ns1",0.000526166003609774
"1014","CTDT_hydrophobicity_CASG920101.Tr1331.ns1",0.000380028060287363
"1015","CTDT_hydrophobicity_CASG920101.Tr2332.ns1",-0.000457158988491413
"1016","CTDT_hydrophobicity_ENGD860101.Tr1221.ns1",2.73313196293978e-05
"1017","CTDT_hydrophobicity_ENGD860101.Tr1331.ns1",0.000208971581167394
"1018","CTDT_hydrophobicity_ENGD860101.Tr2332.ns1",-0.000962729554431663
"1019","CTDT_hydrophobicity_FASG890101.Tr1221.ns1",-0.000950993384879362
"1020","CTDT_hydrophobicity_FASG890101.Tr1331.ns1",9.66930324295401e-05
"1021","CTDT_hydrophobicity_FASG890101.Tr2332.ns1",-0.000933018359123516
"1022","CTDT_normwaalsvolume.Tr1221.ns1",-0.000374996839538344
"1023","CTDT_normwaalsvolume.Tr1331.ns1",0.000248597595134514
"1024","CTDT_normwaalsvolume.Tr2332.ns1",-0.000138164409203001
"1025","CTDT_polarity.Tr1221.ns1",-0.000649172809209175
"1026","CTDT_polarity.Tr1331.ns1",0.000305725938330004
"1027","CTDT_polarity.Tr2332.ns1",0.000125659232459663
"1028","CTDT_polarizability.Tr1221.ns1",-0.000731833569312612
"1029","CTDT_polarizability.Tr1331.ns1",0.0012558323452655
"1030","CTDT_polarizability.Tr2332.ns1",0.00041427426140328
"1031","CTDT_charge.Tr1221.ns1",8.33787179205236e-05
"1032","CTDT_charge.Tr1331.ns1",-0.00121889519161489
"1033","CTDT_charge.Tr2332.ns1",0.00122632994066674
"1034","CTDT_secondarystruct.Tr1221.ns1",-0.000257091251064212
"1035","CTDT_secondarystruct.Tr1331.ns1",-0.000359241170864055
"1036","CTDT_secondarystruct.Tr2332.ns1",-0.000139603712153602
"1037","CTDT_solventaccess.Tr1221.ns1",-0.00058297099849558
"1038","CTDT_solventaccess.Tr1331.ns1",-0.000508087038874394
"1039","CTDT_solventaccess.Tr2332.ns1",-0.000944537395594525
