"PROT","HOLD","FEAT","IMP","value","sd"
"HA","H10N7","two_mer",0.9003,0.992354774662623,0.00294836799430855
"HA","H10N7","CTDc",0.0218,0.990515895801315,0.00445306631894912
"HA","H10N7","CTDd",0,0.990377865833856,0.0034508973819923
"HA","H10N7","CTDt",0,0.991844922209926,0.00337771549638897
"HA","H10N7","triad",0.0751,0.992213728043373,0.00253260874221944
"HA","H10N7","pseaac",0.0028,0.99017841666502,0.00350949207519887
"HA","H16N3","two_mer",0.8584,0.992699746631142,0.00140350188731857
"HA","H16N3","CTDc",0.0217,0.990184639582362,0.00168047784606364
"HA","H16N3","CTDd",0,0.990444087451631,0.00120855166191878
"HA","H16N3","CTDt",0,0.991761878760323,0.00175956333295729
"HA","H16N3","triad",0.1199,0.992592877389497,0.00120834716565333
"HA","H16N3","pseaac",0,0.989935138589961,0.00190426526191195
"HA","H17N10","two_mer",1,0.993184925366954,0.00229924038142791
"HA","H17N10","CTDc",0,0.990594611187568,0.00238493862876941
"HA","H17N10","CTDd",0,0.991038673338169,0.00251571719433173
"HA","H17N10","CTDt",0,0.992210466961297,0.00223353538651324
"HA","H17N10","triad",0,0.992788363817235,0.00309243679670482
"HA","H17N10","pseaac",0,0.990533830846211,0.00289503573720209
"HA","H18N11","two_mer",0.7338,0.992525944915694,0.0028209279132855
"HA","H18N11","CTDc",0.0512,0.990460089237126,0.00320238497954206
"HA","H18N11","CTDd",0,0.990159811203546,0.0030515319728692
"HA","H18N11","CTDt",0.0116,0.991779057623892,0.00232094166280427
"HA","H18N11","triad",0.1996,0.992384070797479,0.0025323206192055
"HA","H18N11","pseaac",0.0038,0.990522997970072,0.00235521046684952
"HA","H1N1","two_mer",0.707,0.983913035599169,0.00730396082478381
"HA","H1N1","CTDc",0.0465,0.980164564924304,0.00551002886246552
"HA","H1N1","CTDd",0.0107,0.981567410063628,0.00761519000706241
"HA","H1N1","CTDt",0.0114,0.984327442665763,0.00759025493151969
"HA","H1N1","triad",0.2245,0.984690478643566,0.00734494847147351
"HA","H1N1","pseaac",0,0.981784052502176,0.0084604485382169
"HA","H1N2","two_mer",1,0.99276328717529,0.00239482985938631
"HA","H1N2","CTDc",0,0.989763347537558,0.0024494710002919
"HA","H1N2","CTDd",0,0.990049583075479,0.0025968679605108
"HA","H1N2","CTDt",0,0.991707422535052,0.00214589046111662
"HA","H1N2","triad",0,0.992207665588694,0.00251467341893601
"HA","H1N2","pseaac",0,0.989617329472551,0.00268843973789135
"HA","H3N2","two_mer",0.9873,0.991219417920892,0.0042293527359869
"HA","H3N2","CTDc",0,0.989053087089899,0.00346427879637256
"HA","H3N2","CTDd",0,0.989025153114601,0.00411268091919784
"HA","H3N2","CTDt",0,0.990826044008897,0.00418611142109082
"HA","H3N2","triad",0,0.990251936977573,0.00298771598621561
"HA","H3N2","pseaac",0.0127,0.987846463372958,0.00259549171531773
"HA","H3N6","two_mer",1,0.993237482899921,0.00202417998997813
"HA","H3N6","CTDc",0,0.991076096795653,0.00286315053946867
"HA","H3N6","CTDd",0,0.990582337193678,0.00201815287000856
"HA","H3N6","CTDt",0,0.992454226461717,0.00270793266745675
"HA","H3N6","triad",0,0.992108314087619,0.00175847432038345
"HA","H3N6","pseaac",0,0.990653173095947,0.00312754064508095
"HA","H3N8","two_mer",0.8763,0.99313715767196,0.00273238022202853
"HA","H3N8","CTDc",0.0221,0.991275433511509,0.00289235224336277
"HA","H3N8","CTDd",0,0.991174129176722,0.0025533233411246
"HA","H3N8","CTDt",0,0.992422089971147,0.00238712531621651
"HA","H3N8","triad",0.1017,0.992999966537705,0.00281932159332581
"HA","H3N8","pseaac",0,0.990379099793602,0.0025777958278308
"HA","H4N2","two_mer",1,0.993018353031666,0.00230910575412166
"HA","H4N2","CTDc",0,0.990593223636026,0.00329155672112585
"HA","H4N2","CTDd",0,0.990800535829249,0.00325957817471926
"HA","H4N2","CTDt",0,0.99220594971129,0.00274605025829194
"HA","H4N2","triad",0,0.991712774440542,0.00345797221256897
"HA","H4N2","pseaac",0,0.990638859563553,0.00279452408336448
"HA","H4N6","two_mer",0.8891,0.993155998674503,0.000757190972327282
"HA","H4N6","CTDc",0.019,0.99099510563018,0.00163272334257469
"HA","H4N6","CTDd",0,0.990893096130503,0.00140665432594276
"HA","H4N6","CTDt",0,0.992409121538289,0.000906126122428648
"HA","H4N6","triad",0.0918,0.992271768711191,0.00188535130443527
"HA","H4N6","pseaac",0,0.99080120535711,0.00214549383509452
"HA","H5N1","two_mer",0.9967,0.994900977775999,0.00277048156248493
"HA","H5N1","CTDc",0,0.992583345166266,0.00461085779204836
"HA","H5N1","CTDd",0,0.991797642078872,0.00306186814706847
"HA","H5N1","CTDt",0,0.993355308698013,0.00324734644740253
"HA","H5N1","triad",0.0033,0.994192220491799,0.00286596712197343
"HA","H5N1","pseaac",0,0.991826376229802,0.0032136773984449
"HA","H5N2","two_mer",0.8664,0.99350078073216,0.00196240827989967
"HA","H5N2","CTDc",0.0124,0.991323950499743,0.0032327067855687
"HA","H5N2","CTDd",0,0.991478284014498,0.00342106736396548
"HA","H5N2","CTDt",0,0.99211333474958,0.00308176504749963
"HA","H5N2","triad",0.117,0.993007428269484,0.00267643984249805
"HA","H5N2","pseaac",0.0042,0.989945804556452,0.00275630163845444
"HA","H5N3","two_mer",0.8469,0.992958466090787,0.00140197735291013
"HA","H5N3","CTDc",0.0233,0.991219950584736,0.0012265984920765
"HA","H5N3","CTDd",0,0.990683776556624,0.000799916264581565
"HA","H5N3","CTDt",0,0.992022052603608,0.00110395141318792
"HA","H5N3","triad",0.1298,0.992852698729697,0.0014257228440359
"HA","H5N3","pseaac",0,0.990517185406263,0.000962691851106904
"HA","H5N5","two_mer",1,0.992236766393802,0.0025672797560663
"HA","H5N5","CTDc",0,0.990387900563165,0.00208713662843209
"HA","H5N5","CTDd",0,0.990065975773109,0.00311611279556216
"HA","H5N5","CTDt",0,0.99163667753905,0.00197869700394849
"HA","H5N5","triad",0,0.991391467535697,0.00244294709395884
"HA","H5N5","pseaac",0,0.989673327331685,0.00123248677511889
"HA","H5N6","two_mer",1,0.992339621584989,0.00247663935065296
"HA","H5N6","CTDc",0,0.990028762102289,0.00413984336387927
"HA","H5N6","CTDd",0,0.990070251164591,0.00395608048913923
"HA","H5N6","CTDt",0,0.991396845567842,0.00327040813483189
"HA","H5N6","triad",0,0.99094862644214,0.00282346249933291
"HA","H5N6","pseaac",0,0.989925367593667,0.00289723458271866
"HA","H5N8","two_mer",0.8248,0.99290808993705,0.00543172253266593
"HA","H5N8","CTDc",0.014,0.990628364734371,0.00670500973074999
"HA","H5N8","CTDd",0,0.991227583629832,0.00568580013523337
"HA","H5N8","CTDt",0,0.991866068156662,0.00591395420103379
"HA","H5N8","triad",0.1612,0.992957625127045,0.00518484355354775
"HA","H5N8","pseaac",0,0.990480260355526,0.00577470087113044
"HA","H6N1","two_mer",1,0.992612982077388,0.00299335559576219
"HA","H6N1","CTDc",0,0.990372762652003,0.00272610348772236
"HA","H6N1","CTDd",0,0.990346351547666,0.00263621167543574
"HA","H6N1","CTDt",0,0.991340253852401,0.00246198016756233
"HA","H6N1","triad",0,0.991519786793234,0.00241251173931452
"HA","H6N1","pseaac",0,0.989821574515965,0.00317998365196215
"HA","H6N2","two_mer",0.9382,0.992601625481807,0.00125954640889308
"HA","H6N2","CTDc",0.0139,0.990397017453239,0.00342230864299324
"HA","H6N2","CTDd",0,0.990152435266299,0.00189000548300308
"HA","H6N2","CTDt",6e-04,0.991682733684945,0.00160457224203021
"HA","H6N2","triad",0.0473,0.99214485399028,0.00151819991472071
"HA","H6N2","pseaac",0,0.990199608031044,0.00126546832167814
"HA","H6N6","two_mer",0.8466,0.993456776365765,0.00242755823510338
"HA","H6N6","CTDc",0.0267,0.990873539794847,0.00296987524426931
"HA","H6N6","CTDd",0,0.991703904846855,0.00303223907278522
"HA","H6N6","CTDt",7e-04,0.992347046763595,0.00220678637846005
"HA","H6N6","triad",0.1261,0.993519078827432,0.00222521152235325
"HA","H6N6","pseaac",0,0.990972476283871,0.00287798779379126
"HA","H7N1","two_mer",1,0.992873475876121,0.00377965298210323
"HA","H7N1","CTDc",0,0.990553041974469,0.00411463314456028
"HA","H7N1","CTDd",0,0.990363478418303,0.00423166901066167
"HA","H7N1","CTDt",0,0.991984470490518,0.00396412660545149
"HA","H7N1","triad",0,0.991866547256247,0.00456934344176171
"HA","H7N1","pseaac",0,0.990582788082651,0.00444779510270513
"HA","H7N3","two_mer",1,0.992500667573473,0.00381677493913908
"HA","H7N3","CTDc",0,0.990242653430211,0.00392664170576307
"HA","H7N3","CTDd",0,0.990161956725052,0.00387499865094928
"HA","H7N3","CTDt",0,0.991637752947321,0.00384951267815271
"HA","H7N3","triad",0,0.991520974379444,0.00466925989999853
"HA","H7N3","pseaac",0,0.989829511686972,0.00294192076777526
"HA","H7N7","two_mer",1,0.992783980037942,0.00245733402358924
"HA","H7N7","CTDc",0,0.990330723087029,0.00217097031852106
"HA","H7N7","CTDd",0,0.990099418564159,0.00308809819267211
"HA","H7N7","CTDt",0,0.991466923666451,0.00127485616807966
"HA","H7N7","triad",0,0.991977730799545,0.00305831453978173
"HA","H7N7","pseaac",0,0.990217828926179,0.003058422065023
"HA","H7N9","two_mer",0.866,0.991929748082896,0.00402298326331934
"HA","H7N9","CTDc",0.0081,0.989635447080377,0.00316239950502826
"HA","H7N9","CTDd",0,0.989643443664694,0.00349876665677435
"HA","H7N9","CTDt",0,0.990840373894716,0.00432201073505423
"HA","H7N9","triad",0.1259,0.991426077585785,0.0047147726165847
"HA","H7N9","pseaac",0,0.989789644266169,0.00300664864634546
"HA","H9N2","two_mer",0.816,0.99428771744321,0.00245840036243045
"HA","H9N2","CTDc",0.0097,0.991793552008304,0.00331510386939433
"HA","H9N2","CTDd",0,0.992064369070296,0.00302071796870621
"HA","H9N2","CTDt",0.001,0.99315310851971,0.00254859103858945
"HA","H9N2","triad",0.1733,0.99432389376219,0.00242700545444704
"HA","H9N2","pseaac",0,0.991836124238833,0.0032479048472555
"M1","H10N7","two_mer",1,0.990058570748552,0.00263091551241721
"M1","H10N7","CTDc",0,0.986925921481387,0.00307214533198187
"M1","H10N7","CTDd",0,0.987858042725145,0.00308902767753104
"M1","H10N7","CTDt",0,0.988150935987823,0.00312489799247058
"M1","H10N7","triad",0,0.987788297435764,0.00331832697265513
"M1","H10N7","pseaac",0,0.988076766105122,0.0031241358509293
"M1","H16N3","two_mer",1,0.990389498264431,0.00281050756846401
"M1","H16N3","CTDc",0,0.986731090486801,0.00226471871844101
"M1","H16N3","CTDd",0,0.9883016871976,0.00270670228280635
"M1","H16N3","CTDt",0,0.987786186485718,0.00310672952851163
"M1","H16N3","triad",0,0.988283029045795,0.00310698245879326
"M1","H16N3","pseaac",0,0.987829246916777,0.00283467135603906
"M1","H17N10","two_mer",1,0.991100382802671,0.00156346120763362
"M1","H17N10","CTDc",0,0.987977470105525,0.00192255087673635
"M1","H17N10","CTDd",0,0.989192084466899,0.00252592717695214
"M1","H17N10","CTDt",0,0.988321822023375,0.00362914435342509
"M1","H17N10","triad",0,0.989028012951319,0.00230550183899855
"M1","H17N10","pseaac",0,0.988444074010607,0.00252437357422957
"M1","H18N11","two_mer",0.2234,0.990313064951904,0.00270168111201465
"M1","H18N11","CTDc",0.1304,0.987643062220056,0.00271356357190056
"M1","H18N11","CTDd",0.1524,0.988547892006587,0.00237012685275531
"M1","H18N11","CTDt",0.1475,0.989042962180811,0.00229721142197579
"M1","H18N11","triad",0.1918,0.988520878653604,0.0026905347572484
"M1","H18N11","pseaac",0.1546,0.988827721968566,0.00344012319831096
"M1","H1N1","two_mer",0.54,0.980561115825791,0.00959787458450549
"M1","H1N1","CTDc",0.0645,0.978000888073485,0.0102161992905293
"M1","H1N1","CTDd",0.0538,0.97685400293163,0.0104316153395223
"M1","H1N1","CTDt",0.0236,0.977705004888072,0.00972868523270538
"M1","H1N1","triad",0.2126,0.979395308354396,0.00753804941089801
"M1","H1N1","pseaac",0.1055,0.979402925510241,0.00862235235522591
"M1","H1N2","two_mer",0.9716,0.989899999765681,0.00316050484201114
"M1","H1N2","CTDc",0,0.98598456382947,0.00362131989676291
"M1","H1N2","CTDd",0,0.987160403107791,0.00445881571065392
"M1","H1N2","CTDt",0,0.987525840817338,0.00305054952255283
"M1","H1N2","triad",0.0284,0.987891606753099,0.00507179430463188
"M1","H1N2","pseaac",0,0.987846876790744,0.00393091530875738
"M1","H3N2","two_mer",0.9419,0.991478524478326,0.00146895302546633
"M1","H3N2","CTDc",7e-04,0.987701121760431,0.0029445912013779
"M1","H3N2","CTDd",0,0.989603564737457,0.00264039982373165
"M1","H3N2","CTDt",0,0.988537175760716,0.00194947235570077
"M1","H3N2","triad",0.0575,0.98881471263979,0.00299666402863022
"M1","H3N2","pseaac",0,0.988617271818906,0.00235718078857784
"M1","H3N6","two_mer",0.8852,0.990919041835602,0.00150219168050574
"M1","H3N6","CTDc",0.0029,0.98697700901634,0.00213114606261501
"M1","H3N6","CTDd",0.0077,0.989022483206932,0.00267117000829583
"M1","H3N6","CTDt",0,0.98854028984464,0.00236704107772042
"M1","H3N6","triad",0.0902,0.989351269471447,0.00317286439594828
"M1","H3N6","pseaac",0.0141,0.988781296422953,0.00184535916357237
"M1","H3N8","two_mer",0.9592,0.990107069800581,0.00309565796264674
"M1","H3N8","CTDc",0,0.986826600065296,0.00227174030644947
"M1","H3N8","CTDd",0,0.988799945670739,0.00393454849603841
"M1","H3N8","CTDt",0,0.988408379321556,0.00301172148383834
"M1","H3N8","triad",0.0408,0.9885929782545,0.00299125945405295
"M1","H3N8","pseaac",0,0.988025608225815,0.00277998583598288
"M1","H4N2","two_mer",0.8644,0.990070105405138,0.00433830746035708
"M1","H4N2","CTDc",1e-04,0.986487850887962,0.00497697117103779
"M1","H4N2","CTDd",0.0076,0.987996193991885,0.00412748724695313
"M1","H4N2","CTDt",0,0.987873239095985,0.0041874295946572
"M1","H4N2","triad",0.1071,0.988616888115168,0.00472793087437371
"M1","H4N2","pseaac",0.0208,0.987352395489149,0.00396480640429762
"M1","H4N6","two_mer",1,0.990918804086492,0.00303652761094941
"M1","H4N6","CTDc",0,0.987244014174122,0.00431370956733771
"M1","H4N6","CTDd",0,0.988867902192769,0.00401630986122521
"M1","H4N6","CTDt",0,0.988807692688978,0.00367185272545826
"M1","H4N6","triad",0,0.988636250989344,0.00292202542352103
"M1","H4N6","pseaac",0,0.988625821625422,0.00220022869363168
"M1","H5N1","two_mer",0.9734,0.991969229837229,0.00438127010728598
"M1","H5N1","CTDc",0,0.988591242973329,0.00442076006767457
"M1","H5N1","CTDd",0,0.99053132494185,0.00343305957446595
"M1","H5N1","CTDt",0,0.989974106521016,0.00346228428645363
"M1","H5N1","triad",0.0266,0.989873179242542,0.00318345048069089
"M1","H5N1","pseaac",0,0.989835097351089,0.00410274639468092
"M1","H5N2","two_mer",0.8068,0.990364204527917,0.00478583402068666
"M1","H5N2","CTDc",0.01,0.987151802609394,0.00494565913724127
"M1","H5N2","CTDd",0.0234,0.988810676959497,0.00517201884937114
"M1","H5N2","CTDt",9e-04,0.988783453374172,0.00502039131289292
"M1","H5N2","triad",0.1199,0.98861337968067,0.00511455546796216
"M1","H5N2","pseaac",0.039,0.988623849573207,0.00474605130440621
"M1","H5N3","two_mer",0.8622,0.990648910521675,0.00158198932273609
"M1","H5N3","CTDc",0.0038,0.987296403988128,0.00359065460208018
"M1","H5N3","CTDd",0.0114,0.988757612449032,0.001854732363525
"M1","H5N3","CTDt",0,0.988510016380611,0.00327925243785303
"M1","H5N3","triad",0.0904,0.988767842031936,0.000872024871908547
"M1","H5N3","pseaac",0.0322,0.988599742480443,0.00280067855749126
"M1","H5N5","two_mer",0.977,0.990714000739849,0.00224450185061778
"M1","H5N5","CTDc",0,0.987556073080329,0.00238703877194545
"M1","H5N5","CTDd",0,0.988647744611417,0.00227703182912777
"M1","H5N5","CTDt",0,0.988594402217598,0.00212279938049957
"M1","H5N5","triad",0.023,0.988206374627222,0.00206486947662102
"M1","H5N5","pseaac",0,0.988298809344466,0.00314036005524862
"M1","H5N6","two_mer",0.5088,0.989955709984453,0.00146646107848746
"M1","H5N6","CTDc",0.0463,0.986680913397465,0.00246230966823751
"M1","H5N6","CTDd",0.097,0.988618248977049,0.00190847071028318
"M1","H5N6","CTDt",0.0683,0.988456954872714,0.00117471933262622
"M1","H5N6","triad",0.1798,0.988389766748703,0.000965483997506139
"M1","H5N6","pseaac",0.0999,0.988411102186458,0.000933010606355908
"M1","H5N8","two_mer",0.9653,0.989725107572689,0.00827888109187534
"M1","H5N8","CTDc",0,0.985927599511616,0.00862898164338529
"M1","H5N8","CTDd",0,0.987463470009071,0.0091248206004483
"M1","H5N8","CTDt",0,0.987621842679736,0.00809025770443114
"M1","H5N8","triad",0.0333,0.987460199176338,0.00933039631493705
"M1","H5N8","pseaac",0.0015,0.987225963205704,0.00814843576052626
"M1","H6N1","two_mer",0.8741,0.989862065284695,0.00238794214130356
"M1","H6N1","CTDc",0.0082,0.986695543935243,0.00367353188081541
"M1","H6N1","CTDd",0.0039,0.988523187832202,0.00289999114146749
"M1","H6N1","CTDt",0,0.988675666474642,0.00344493740712462
"M1","H6N1","triad",0.0921,0.988105442175227,0.00251856163021892
"M1","H6N1","pseaac",0.0217,0.988681245831435,0.00307338175015558
"M1","H6N2","two_mer",0.8576,0.989990088478523,0.00224300976543446
"M1","H6N2","CTDc",5e-04,0.987095376565849,0.00237615128446008
"M1","H6N2","CTDd",0.0093,0.988356234740727,0.00314971193344797
"M1","H6N2","CTDt",0,0.988191742035591,0.00290540420157568
"M1","H6N2","triad",0.1113,0.988581135395217,0.0019375388988012
"M1","H6N2","pseaac",0.0213,0.988126053163388,0.00184998741176056
"M1","H6N6","two_mer",0.976,0.991222426798335,0.00413178634036267
"M1","H6N6","CTDc",1e-04,0.987268350617277,0.00476046334091606
"M1","H6N6","CTDd",0,0.989208594691571,0.0039784673962154
"M1","H6N6","CTDt",0,0.988689111350523,0.00442046304109269
"M1","H6N6","triad",0.0238,0.988953350754176,0.00447382369053673
"M1","H6N6","pseaac",0,0.988338829133178,0.00421628808280544
"M1","H7N1","two_mer",0.8393,0.990127982947576,0.00296844159903403
"M1","H7N1","CTDc",0.0078,0.986794372085797,0.00306762567612125
"M1","H7N1","CTDd",0.0365,0.988448247670383,0.0027992818332424
"M1","H7N1","CTDt",0.0022,0.987936349104748,0.00277995391021645
"M1","H7N1","triad",0.0865,0.988248533200858,0.00346123286317893
"M1","H7N1","pseaac",0.0278,0.988055935787431,0.00423844916344293
"M1","H7N3","two_mer",0.9565,0.990894170542648,0.00417751165994888
"M1","H7N3","CTDc",0,0.986954828048205,0.00426421630124796
"M1","H7N3","CTDd",0,0.988714536727991,0.00506188639746173
"M1","H7N3","CTDt",0,0.988381710081272,0.00465979638496366
"M1","H7N3","triad",0.0435,0.988526747159603,0.00524177140439931
"M1","H7N3","pseaac",0,0.988326007984786,0.00353059643573056
"M1","H7N7","two_mer",0.9031,0.989534532998079,0.00160062657264746
"M1","H7N7","CTDc",0.0159,0.98705655022795,0.00392848104817011
"M1","H7N7","CTDd",0,0.987323611249856,0.00378920523617534
"M1","H7N7","CTDt",0,0.987664304990373,0.00322917251997038
"M1","H7N7","triad",0.0761,0.987661791544157,0.00350275136859127
"M1","H7N7","pseaac",0.0048,0.987771399865436,0.00395912329430377
"M1","H7N9","two_mer",0.9528,0.990406605540402,0.00366980190531454
"M1","H7N9","CTDc",0,0.987074143664748,0.00307925129019724
"M1","H7N9","CTDd",0,0.988123771900674,0.00415132219292462
"M1","H7N9","CTDt",0,0.988722199438473,0.0040673827440695
"M1","H7N9","triad",0.0445,0.988157521481588,0.00508719441783497
"M1","H7N9","pseaac",0.0026,0.988622450418311,0.0033597831488635
"M1","H9N2","two_mer",1,0.991586050914064,0.0021209010257413
"M1","H9N2","CTDc",0,0.989039331121616,0.00318864621100202
"M1","H9N2","CTDd",0,0.990544394620748,0.00292281838491994
"M1","H9N2","CTDt",0,0.989761212584214,0.00280893269566595
"M1","H9N2","triad",0,0.990076993674983,0.00218562844271299
"M1","H9N2","pseaac",0,0.989968778882372,0.00264528917639347
"NA","H10N7","two_mer",0.414,0.992789469761005,0.00270599153799222
"NA","H10N7","CTDc",0.0073,0.991219824379731,0.0022752507596224
"NA","H10N7","CTDd",0.0039,0.990259272179078,0.00387158882672321
"NA","H10N7","CTDt",0.0728,0.992654691813378,0.00266130084851755
"NA","H10N7","triad",0.4892,0.992267734207346,0.00358502350697558
"NA","H10N7","pseaac",0.0128,0.99083761399186,0.00426854185084036
"NA","H16N3","two_mer",0.4012,0.9918893690768,0.00297863244043765
"NA","H16N3","CTDc",0.0248,0.991570111814159,0.00199590633654635
"NA","H16N3","CTDd",0.0011,0.989879963028884,0.00258239007023356
"NA","H16N3","CTDt",0.1162,0.993342282581273,0.00246474455433863
"NA","H16N3","triad",0.4384,0.99189743000066,0.00210179827062961
"NA","H16N3","pseaac",0.0183,0.991070100793299,0.00206138448570988
"NA","H17N10","two_mer",0.3818,0.993005889512787,0.00166413840010697
"NA","H17N10","CTDc",0.0253,0.991991211724007,0.00150014199101083
"NA","H17N10","CTDd",0,0.99048170346529,0.00221956077482956
"NA","H17N10","CTDt",0.0656,0.99271211918719,0.00321981101572737
"NA","H17N10","triad",0.5159,0.992155708066478,0.00194880708013882
"NA","H17N10","pseaac",0.0115,0.991317659136982,0.00112168462204045
"NA","H18N11","two_mer",0.3665,0.991458056196314,0.0015161045937422
"NA","H18N11","CTDc",0.0396,0.99145541113468,0.00238535096669361
"NA","H18N11","CTDd",0,0.989464424549799,0.00189905861760203
"NA","H18N11","CTDt",0.0914,0.992399541844064,0.00140547818853937
"NA","H18N11","triad",0.4805,0.992310684265311,0.00251255400340806
"NA","H18N11","pseaac",0.022,0.990467626509682,0.00236415647459589
"NA","H1N1","two_mer",0.2009,0.984092000472937,0.00434021115264625
"NA","H1N1","CTDc",0.0083,0.982811519980278,0.00539114206681557
"NA","H1N1","CTDd",0.0099,0.983140031147354,0.00462185144088607
"NA","H1N1","CTDt",0.0357,0.984961790795066,0.00725423134762
"NA","H1N1","triad",0.4658,0.985526269694092,0.00421285084977847
"NA","H1N1","pseaac",0.2794,0.984630912316986,0.00491596558823542
"NA","H1N2","two_mer",0.3378,0.991868723715322,0.000669356955954914
"NA","H1N2","CTDc",0.0265,0.991531308377931,0.00294400282177462
"NA","H1N2","CTDd",0.0041,0.989953159707233,0.00159047724083808
"NA","H1N2","CTDt",0.1444,0.992822316863183,0.00154268806198886
"NA","H1N2","triad",0.474,0.991608226026194,0.00163668403162335
"NA","H1N2","pseaac",0.0132,0.99018700996797,0.00230784387068926
"NA","H3N2","two_mer",0.4415,0.991178575600302,0.0035314990191714
"NA","H3N2","CTDc",0.02,0.990831014600351,0.00405588576728404
"NA","H3N2","CTDd",0,0.989089481613283,0.00305730511892747
"NA","H3N2","CTDt",0.1646,0.991907533034332,0.00298510776876355
"NA","H3N2","triad",0.3306,0.990447778921716,0.00314879424524255
"NA","H3N2","pseaac",0.0432,0.990653805452441,0.00221477746765199
"NA","H3N6","two_mer",0.3033,0.991936040631988,0.00159763073673298
"NA","H3N6","CTDc",0.017,0.992040396557761,0.00223758664858063
"NA","H3N6","CTDd",3e-04,0.990304955871729,0.00107639500256033
"NA","H3N6","CTDt",0.1589,0.993145707455925,0.00138013669192993
"NA","H3N6","triad",0.4961,0.992397850540859,0.00190550606301645
"NA","H3N6","pseaac",0.0242,0.99097682207763,0.00134276647885128
"NA","H3N8","two_mer",0.3936,0.992135976423738,0.00228368979414351
"NA","H3N8","CTDc",0.0268,0.992141060915472,0.00257944540663049
"NA","H3N8","CTDd",0.0031,0.990508773337041,0.00426330038930558
"NA","H3N8","CTDt",0.1393,0.993437691068653,0.00223995736401399
"NA","H3N8","triad",0.4164,0.992426660350472,0.00322504020877068
"NA","H3N8","pseaac",0.0208,0.99134606828129,0.00218335320065539
"NA","H4N2","two_mer",0.4097,0.991906173262476,0.00462859369449154
"NA","H4N2","CTDc",0.0212,0.992069919312615,0.00217072900115294
"NA","H4N2","CTDd",0.0031,0.990357282048194,0.00350378954104725
"NA","H4N2","CTDt",0.0945,0.993319860502624,0.00296958389948443
"NA","H4N2","triad",0.451,0.992577310424953,0.00347232121075629
"NA","H4N2","pseaac",0.0205,0.991492367320223,0.00286527315450942
"NA","H4N6","two_mer",0.3892,0.992613747905629,0.00244248890315943
"NA","H4N6","CTDc",0.0164,0.991596574382287,0.00146257648644274
"NA","H4N6","CTDd",0.0073,0.990220826023968,0.00248824072493634
"NA","H4N6","CTDt",0.1502,0.993406414007677,0.00175044085201169
"NA","H4N6","triad",0.4197,0.992442986039158,0.00301166849660689
"NA","H4N6","pseaac",0.0172,0.990997666592741,0.00298882763781884
"NA","H5N1","two_mer",0.5805,0.994617960346936,0.00427163913482956
"NA","H5N1","CTDc",0.0159,0.993643971612728,0.00456783638649633
"NA","H5N1","CTDd",0.0052,0.992383208943126,0.00478510780624067
"NA","H5N1","CTDt",0.0481,0.994334401186412,0.00335798893360675
"NA","H5N1","triad",0.3341,0.99461358758855,0.00358240506055884
"NA","H5N1","pseaac",0.0162,0.992939270338946,0.00439448145727515
"NA","H5N2","two_mer",0.3658,0.992665373818502,0.00221645406174898
"NA","H5N2","CTDc",0,0.992074162212517,0.00297192220152545
"NA","H5N2","CTDd",0,0.990763987437338,0.00385157552949174
"NA","H5N2","CTDt",0.0973,0.993498391510364,0.00172085848933823
"NA","H5N2","triad",0.5369,0.992702450404984,0.00239139032142341
"NA","H5N2","pseaac",0,0.991292195292945,0.00447776914396029
"NA","H5N3","two_mer",0.393,0.99144360092195,0.00133522120549443
"NA","H5N3","CTDc",0.0392,0.991494756387113,0.00130541570622327
"NA","H5N3","CTDd",0.0039,0.989856057580652,0.00203166985605314
"NA","H5N3","CTDt",0.1216,0.992265857224956,0.000860901222832713
"NA","H5N3","triad",0.4181,0.99164882404891,0.00172191917352495
"NA","H5N3","pseaac",0.0242,0.990535852759692,0.00141070205694986
"NA","H5N5","two_mer",0.44,0.99182531114187,0.00400012629777621
"NA","H5N5","CTDc",0.0124,0.990894671100881,0.00256330329017364
"NA","H5N5","CTDd",0,0.989770577931403,0.00345756908109115
"NA","H5N5","CTDt",0.0916,0.992532679857098,0.00267640217445117
"NA","H5N5","triad",0.4296,0.992073373870913,0.00338049648113025
"NA","H5N5","pseaac",0.0265,0.990940480762015,0.00323426950077441
"NA","H5N6","two_mer",0.3445,0.991968918790401,0.00333909503810182
"NA","H5N6","CTDc",0.0237,0.991821543511555,0.00229149092881671
"NA","H5N6","CTDd",0.0039,0.99011595091865,0.00283052292449123
"NA","H5N6","CTDt",0.1293,0.993162138176921,0.00139629486215182
"NA","H5N6","triad",0.4801,0.992295971174226,0.00284723130788926
"NA","H5N6","pseaac",0.0184,0.99077497245598,0.00235183671462449
"NA","H5N8","two_mer",0.4102,0.992429403036709,0.00618839202737281
"NA","H5N8","CTDc",0.0236,0.99199004751713,0.0053226187554687
"NA","H5N8","CTDd",1e-04,0.990684342078491,0.0066354159104107
"NA","H5N8","CTDt",0.0948,0.993018665189026,0.00467145307591854
"NA","H5N8","triad",0.4551,0.992027514299603,0.00515586435915465
"NA","H5N8","pseaac",0.0162,0.991231023482219,0.00589458902539697
"NA","H6N1","two_mer",0.2697,0.991361563530198,0.0039068598984385
"NA","H6N1","CTDc",0,0.991239445301461,0.00249183264823519
"NA","H6N1","CTDd",0,0.989001754446208,0.00408023469911097
"NA","H6N1","CTDt",0.0641,0.992410627476777,0.00272210063241044
"NA","H6N1","triad",0.6609,0.992173661456711,0.00221915574017961
"NA","H6N1","pseaac",0.0053,0.990242605244557,0.00294045021511096
"NA","H6N2","two_mer",0.463,0.992187985452451,0.00408046170361465
"NA","H6N2","CTDc",0.0323,0.991796710392889,0.00238443352748488
"NA","H6N2","CTDd",0.0028,0.989754086518114,0.00441874862297025
"NA","H6N2","CTDt",0.1113,0.993148305323189,0.0021885412235414
"NA","H6N2","triad",0.3806,0.992177773776019,0.00403915247143398
"NA","H6N2","pseaac",0.01,0.990855681376447,0.00348399220148758
"NA","H6N6","two_mer",0.3864,0.992693412334613,0.00272249435430652
"NA","H6N6","CTDc",0.0195,0.991909301427074,0.00317364557704852
"NA","H6N6","CTDd",0,0.990794814791846,0.00279523114533742
"NA","H6N6","CTDt",0.0777,0.993138732558416,0.00254311031341844
"NA","H6N6","triad",0.5029,0.992590080057346,0.00160615650458904
"NA","H6N6","pseaac",0.0135,0.991250487166184,0.00310645811866621
"NA","H7N1","two_mer",0.3523,0.991620152565632,0.00555835634117084
"NA","H7N1","CTDc",0.0225,0.991741107387894,0.003602291370278
"NA","H7N1","CTDd",8e-04,0.98990869012094,0.00477465582691648
"NA","H7N1","CTDt",0.093,0.992880576759691,0.00328940691297894
"NA","H7N1","triad",0.5149,0.99232230463896,0.00457562103439383
"NA","H7N1","pseaac",0.0165,0.990811635903414,0.00386115334680672
"NA","H7N3","two_mer",0.3509,0.99168041277566,0.00321789770110081
"NA","H7N3","CTDc",7e-04,0.990889463741007,0.00275666491917509
"NA","H7N3","CTDd",0,0.989329484456604,0.00339769859968201
"NA","H7N3","CTDt",0.0756,0.992170347947892,0.00246317504135558
"NA","H7N3","triad",0.57,0.992367824406239,0.00238886455775659
"NA","H7N3","pseaac",0.0027,0.990357581090031,0.00263197768481413
"NA","H7N7","two_mer",0.3741,0.992163839427101,0.00303040912114855
"NA","H7N7","CTDc",0.0198,0.991043679459282,0.00329525302628319
"NA","H7N7","CTDd",0.0025,0.990216223046238,0.00349487644216302
"NA","H7N7","CTDt",0.1155,0.992413295191029,0.00253495153759072
"NA","H7N7","triad",0.4735,0.991932289343567,0.00264050554463771
"NA","H7N7","pseaac",0.0147,0.990770368959854,0.00306190350565701
"NA","H7N9","two_mer",0.3991,0.991948202044155,0.00396582640553835
"NA","H7N9","CTDc",0.0228,0.991178831412706,0.00377047178409882
"NA","H7N9","CTDd",0,0.990420669604648,0.00425974681567623
"NA","H7N9","CTDt",0.0666,0.992197350613934,0.00327178429352416
"NA","H7N9","triad",0.5005,0.99160950943723,0.00404051427211392
"NA","H7N9","pseaac",0.011,0.990844430605403,0.004525578081632
"NA","H9N2","two_mer",0.4376,0.993434859093149,0.00220861993925146
"NA","H9N2","CTDc",0.0197,0.993165703249147,0.00191329207084335
"NA","H9N2","CTDd",0,0.991774682883711,0.00268146396594232
"NA","H9N2","CTDt",0.1563,0.993697962828076,0.0022289289090894
"NA","H9N2","triad",0.3558,0.9925223939891,0.00225920773013331
"NA","H9N2","pseaac",0.0306,0.992452179743253,0.00144402208081665
"NP","H10N7","two_mer",0.6383,0.992624041587284,0.00298801733849849
"NP","H10N7","CTDc",0.0049,0.991284025552799,0.00254600830435536
"NP","H10N7","CTDd",0.0086,0.991283060517669,0.00219711854636444
"NP","H10N7","CTDt",0.0164,0.992018804265058,0.00300073676082579
"NP","H10N7","triad",0.3319,0.993191004960114,0.00263647919837693
"NP","H10N7","pseaac",0,0.991153422706019,0.00298371557042211
"NP","H16N3","two_mer",0.6694,0.992757700585085,0.0023052133065305
"NP","H16N3","CTDc",0.0095,0.991537916969262,0.00218350174165853
"NP","H16N3","CTDd",0.0058,0.991508111991164,0.00255385674299479
"NP","H16N3","CTDt",0.0072,0.992455743836941,0.00260353272189965
"NP","H16N3","triad",0.3081,0.993448488297713,0.00257285302648125
"NP","H16N3","pseaac",0,0.991265853870472,0.00110398121796467
"NP","H17N10","two_mer",0.6399,0.992972679294846,0.00227152170600064
"NP","H17N10","CTDc",0.0066,0.99166296294825,0.00269530635381977
"NP","H17N10","CTDd",0.0063,0.991350851146401,0.0026166055887558
"NP","H17N10","CTDt",0.0051,0.992132938318653,0.00210899736551124
"NP","H17N10","triad",0.3421,0.993522789226733,0.00187907780259281
"NP","H17N10","pseaac",0,0.99089050590681,0.00337885350315849
"NP","H18N11","two_mer",0.7816,0.992561197035626,0.00197673643667866
"NP","H18N11","CTDc",0,0.990822935026778,0.00312987509022788
"NP","H18N11","CTDd",0.0047,0.990722096004931,0.00254155665321438
"NP","H18N11","CTDt",0.0203,0.991741389224987,0.00219479701107592
"NP","H18N11","triad",0.1933,0.993024056342415,0.00188538179374546
"NP","H18N11","pseaac",0,0.990997900234825,0.00269578505137262
"NP","H1N1","two_mer",0.6614,0.985033257127387,0.00725228792742356
"NP","H1N1","CTDc",0.0333,0.985927121119977,0.00361134130623323
"NP","H1N1","CTDd",0,0.985002890261811,0.00527896091147147
"NP","H1N1","CTDt",0.015,0.984472613225598,0.00695401670167432
"NP","H1N1","triad",0.2903,0.987089675743433,0.00512246310117009
"NP","H1N1","pseaac",0,0.98469021208397,0.0060893315973567
"NP","H1N2","two_mer",0.7873,0.99242050319024,0.00216470700469937
"NP","H1N2","CTDc",0.0189,0.991051282670164,0.000901144068298194
"NP","H1N2","CTDd",0,0.990552819253369,0.00246682526086045
"NP","H1N2","CTDt",0.0038,0.991355329293867,0.00186541408187668
"NP","H1N2","triad",0.19,0.992998252926413,0.00167275459276039
"NP","H1N2","pseaac",0,0.99033031090757,0.00216466645757531
"NP","H3N2","two_mer",0.6641,0.991613872529331,0.00261590987790248
"NP","H3N2","CTDc",0.0409,0.990583999933322,0.00288777757201894
"NP","H3N2","CTDd",0.0034,0.989752593456975,0.00178512809137104
"NP","H3N2","CTDt",0.0055,0.990843386571527,0.0039048167400386
"NP","H3N2","triad",0.2861,0.992564922817007,0.00367138869672642
"NP","H3N2","pseaac",0,0.989229039850627,0.00375514250076117
"NP","H3N6","two_mer",0.7435,0.993295958904173,0.00266288285304983
"NP","H3N6","CTDc",0.0059,0.991681502929264,0.00286214717385268
"NP","H3N6","CTDd",0.0028,0.991597196769834,0.00221236060139687
"NP","H3N6","CTDt",0.0127,0.992614736027163,0.0023369345478124
"NP","H3N6","triad",0.2335,0.993207788281777,0.00328396204910269
"NP","H3N6","pseaac",0.0014,0.99204590619153,0.0023871277345168
"NP","H3N8","two_mer",0.9957,0.993294595250736,0.0036687761106932
"NP","H3N8","CTDc",0,0.991495107340453,0.00344302814784435
"NP","H3N8","CTDd",0,0.991594105716522,0.00408956698624202
"NP","H3N8","CTDt",0,0.992426462488295,0.00344558193765805
"NP","H3N8","triad",0.0043,0.992459144786976,0.00374098515761414
"NP","H3N8","pseaac",0,0.991249831292316,0.00419371449975983
"NP","H4N2","two_mer",0.6831,0.992808858165434,0.00298028176420792
"NP","H4N2","CTDc",0.0113,0.991049051145633,0.00226553100714687
"NP","H4N2","CTDd",0.0107,0.991096744121776,0.00267654429619567
"NP","H4N2","CTDt",0.0069,0.991849710987641,0.00326791103706568
"NP","H4N2","triad",0.288,0.992882876621466,0.0033340694683954
"NP","H4N2","pseaac",0,0.99099730665247,0.00267652597461253
"NP","H4N6","two_mer",0.6561,0.993002297020035,0.00188168585813745
"NP","H4N6","CTDc",0.0181,0.991739283821382,0.00227742408901229
"NP","H4N6","CTDd",0,0.991492056737202,0.00192730880239574
"NP","H4N6","CTDt",0.0123,0.992240811835751,0.00277187197039483
"NP","H4N6","triad",0.3135,0.993347807152665,0.00268359624690972
"NP","H4N6","pseaac",0,0.991083912502493,0.00259812871328808
"NP","H5N1","two_mer",0.633,0.994720650625425,0.00310039069257974
"NP","H5N1","CTDc",0.0303,0.993053175809313,0.00348705752377646
"NP","H5N1","CTDd",0.0222,0.993599650326834,0.00272346253845973
"NP","H5N1","CTDt",0.0327,0.993894377154919,0.00370407661789487
"NP","H5N1","triad",0.2816,0.994120295392072,0.00420637912809006
"NP","H5N1","pseaac",1e-04,0.992938729348869,0.00379528776101363
"NP","H5N2","two_mer",0.7104,0.992962123180289,0.00298662012717148
"NP","H5N2","CTDc",0.0066,0.99052965298638,0.00404682670591925
"NP","H5N2","CTDd",0,0.990734786429136,0.00553451039381295
"NP","H5N2","CTDt",0.0078,0.991795058639925,0.00393427318407411
"NP","H5N2","triad",0.2752,0.992783043204474,0.00315742757340951
"NP","H5N2","pseaac",0,0.990293720738258,0.00481683827536452
"NP","H5N3","two_mer",0.6778,0.993111394660832,0.00102776575844819
"NP","H5N3","CTDc",0.0173,0.991736978311319,0.00169482566259009
"NP","H5N3","CTDd",0.0124,0.991881049771121,0.00169222921333731
"NP","H5N3","CTDt",0.0083,0.992574733283157,0.00132318970272788
"NP","H5N3","triad",0.2842,0.993607613138371,0.0013585936910297
"NP","H5N3","pseaac",0,0.991454277198146,0.000910249118459648
"NP","H5N5","two_mer",0.6862,0.992553080540844,0.00206266866044922
"NP","H5N5","CTDc",0.0338,0.991477976827635,0.00349426768231607
"NP","H5N5","CTDd",0.0018,0.990983451516525,0.00259687842936884
"NP","H5N5","CTDt",0.0104,0.991657954690262,0.0026775749933228
"NP","H5N5","triad",0.2679,0.992835006718743,0.00259418381081541
"NP","H5N5","pseaac",0,0.990831233699214,0.00302477901239436
"NP","H5N6","two_mer",0.7203,0.992470368007022,0.00162127811110307
"NP","H5N6","CTDc",0,0.990700445855919,0.00310086935636814
"NP","H5N6","CTDd",0.0175,0.990929611687284,0.00219212149865526
"NP","H5N6","CTDt",0.0173,0.991765914174844,0.00193423551097784
"NP","H5N6","triad",0.2449,0.993127762689965,0.00129655962228981
"NP","H5N6","pseaac",0,0.991036485560429,0.00189246461077213
"NP","H5N8","two_mer",0.6925,0.992961037131682,0.0042651230329345
"NP","H5N8","CTDc",0.0104,0.991780971217737,0.00412822051982516
"NP","H5N8","CTDd",0.0019,0.991520932111989,0.0036340185723715
"NP","H5N8","CTDt",0.0099,0.992486371674291,0.00451092856433797
"NP","H5N8","triad",0.2854,0.993183942361141,0.00469102372031381
"NP","H5N8","pseaac",0,0.991319297014789,0.00443345691467092
"NP","H6N1","two_mer",0.7171,0.992438002488812,0.00228544229842207
"NP","H6N1","CTDc",0.0079,0.990909020966684,0.00262981150465475
"NP","H6N1","CTDd",0,0.990595664040717,0.00188415815810766
"NP","H6N1","CTDt",0.0129,0.99163121165705,0.00259109736985947
"NP","H6N1","triad",0.262,0.992913728061845,0.00214607613331392
"NP","H6N1","pseaac",0,0.990827875426781,0.00191999048140525
"NP","H6N2","two_mer",0.6039,0.992598886986691,0.00203993878007788
"NP","H6N2","CTDc",0.004,0.991176265436053,0.00258682279879508
"NP","H6N2","CTDd",0.0126,0.990860040820015,0.00297077597219898
"NP","H6N2","CTDt",0.0118,0.992088142874035,0.00150770339214617
"NP","H6N2","triad",0.3677,0.993123264913042,0.000986407596100171
"NP","H6N2","pseaac",0,0.991114646261795,0.002681597942976
"NP","H6N6","two_mer",0.9278,0.993682140034676,0.00367705850803343
"NP","H6N6","CTDc",0,0.991892959381201,0.00425649393409242
"NP","H6N6","CTDd",0,0.991974894886258,0.00410924479709876
"NP","H6N6","CTDt",0,0.992657123968537,0.00383731900888402
"NP","H6N6","triad",0.0722,0.994180076240446,0.00368377893874156
"NP","H6N6","pseaac",0,0.992220779665026,0.00379994706464836
"NP","H7N1","two_mer",0.7451,0.993358942010217,0.00327728797312959
"NP","H7N1","CTDc",0.0209,0.991776599253319,0.00417580515967625
"NP","H7N1","CTDd",0.0042,0.991833475718961,0.00388199351903688
"NP","H7N1","CTDt",0.0059,0.992562481093333,0.00471478809648494
"NP","H7N1","triad",0.2239,0.99301938491616,0.00360972905863647
"NP","H7N1","pseaac",0,0.991333765172471,0.00505579300394186
"NP","H7N3","two_mer",0.8737,0.992360586232983,0.00317513051662896
"NP","H7N3","CTDc",0,0.990938267860911,0.00182361394131978
"NP","H7N3","CTDd",0,0.990222760180949,0.00372419387467527
"NP","H7N3","CTDt",0,0.991449024416881,0.00322086685888098
"NP","H7N3","triad",0.1263,0.99293884040208,0.00370681277189071
"NP","H7N3","pseaac",0,0.990454490857538,0.00243826996461906
"NP","H7N7","two_mer",0.8257,0.992381181735277,0.00356191665706369
"NP","H7N7","CTDc",0,0.989875938145679,0.0049293986950682
"NP","H7N7","CTDd",0,0.990368440862757,0.00474405230372595
"NP","H7N7","CTDt",0,0.990801408496519,0.00490741203312601
"NP","H7N7","triad",0.1743,0.992797413061328,0.00326798951773512
"NP","H7N7","pseaac",0,0.990644202831395,0.00519121700855714
"NP","H7N9","two_mer",0.9889,0.992646901277784,0.00313562563033947
"NP","H7N9","CTDc",0,0.990673430432032,0.00464554199025492
"NP","H7N9","CTDd",0,0.990899626081676,0.00286988612382325
"NP","H7N9","CTDt",0,0.991640575344367,0.00333341138375605
"NP","H7N9","triad",0.0111,0.992566084836815,0.0024575485799674
"NP","H7N9","pseaac",0,0.990952358199945,0.00299579012979952
"NP","H9N2","two_mer",0.7991,0.994367192127255,0.00202916073390559
"NP","H9N2","CTDc",0.015,0.99280365405125,0.00317157839624141
"NP","H9N2","CTDd",0,0.991881325372765,0.00359127738356086
"NP","H9N2","CTDt",0.0043,0.993318461208885,0.00243808395909469
"NP","H9N2","triad",0.1816,0.993881013935144,0.00277608408279738
"NP","H9N2","pseaac",0,0.992473114646507,0.00275774451684824
"NS1","H10N7","two_mer",0.3052,0.992238558859613,0.00266323602359593
"NS1","H10N7","CTDc",0,0.99101361784414,0.00236914985536172
"NS1","H10N7","CTDd",0,0.991456390628008,0.00243407813433587
"NS1","H10N7","CTDt",0.0092,0.99091460925368,0.00256299585258038
"NS1","H10N7","triad",0.6857,0.992233005024009,0.00236002656271159
"NS1","H10N7","pseaac",0,0.98958579019524,0.00443361045151252
"NS1","H16N3","two_mer",0.3081,0.992753105481363,0.00386196637866841
"NS1","H16N3","CTDc",0.0572,0.992392552075087,0.00419287109117518
"NS1","H16N3","CTDd",0.0568,0.992753840839829,0.00385005396813011
"NS1","H16N3","CTDt",0.0865,0.992481338319062,0.00306230028769289
"NS1","H16N3","triad",0.4915,0.992995804472805,0.00344825315029798
"NS1","H16N3","pseaac",0,0.990827591212339,0.00373501979041317
"NS1","H17N10","two_mer",0.3084,0.992766108480375,0.00355159035769971
"NS1","H17N10","CTDc",0.0451,0.991902839376492,0.00427123867174072
"NS1","H17N10","CTDd",0.0791,0.992532868861174,0.00389709154102327
"NS1","H17N10","CTDt",0.0802,0.991984995163612,0.00371666547455769
"NS1","H17N10","triad",0.4872,0.992845869064599,0.00366005718855139
"NS1","H17N10","pseaac",0,0.990404304981807,0.00411887413297608
"NS1","H18N11","two_mer",0.2515,0.992063427884175,0.00105644049312614
"NS1","H18N11","CTDc",0.1267,0.992030893377268,0.00139455474832358
"NS1","H18N11","CTDd",0.1261,0.99242532499392,0.000970629025258122
"NS1","H18N11","CTDt",0.1421,0.99167208194244,0.0013716541895369
"NS1","H18N11","triad",0.2975,0.992240556627531,0.00080342100803494
"NS1","H18N11","pseaac",0.0562,0.990295098007462,0.00140428530680494
"NS1","H1N1","two_mer",0.3636,0.986295468692452,0.0111912612032798
"NS1","H1N1","CTDc",0.0454,0.985943406509914,0.00845238983802063
"NS1","H1N1","CTDd",0,0.985499853486511,0.00812276213117442
"NS1","H1N1","CTDt",0.1707,0.985161721289161,0.00703648014842808
"NS1","H1N1","triad",0.4203,0.985972461431944,0.00941883407732715
"NS1","H1N1","pseaac",0,0.984035916873754,0.00791307136034572
"NS1","H1N2","two_mer",0.1913,0.991678889989198,0.00358952129027571
"NS1","H1N2","CTDc",0.1621,0.990547652794426,0.00420125972285836
"NS1","H1N2","CTDd",0.1539,0.991261011513351,0.00355063120098551
"NS1","H1N2","CTDt",0.1586,0.991245672264513,0.00327701250945323
"NS1","H1N2","triad",0.1915,0.991327744127024,0.00420095045190387
"NS1","H1N2","pseaac",0.1426,0.989735246659942,0.0021600149654252
"NS1","H3N2","two_mer",0.3528,0.992189880503853,0.00254158609663337
"NS1","H3N2","CTDc",0.0611,0.991176670674628,0.00201180277154369
"NS1","H3N2","CTDd",0.0798,0.992238327323766,0.00157073853338148
"NS1","H3N2","CTDt",0.169,0.991093669761041,0.00319905551057087
"NS1","H3N2","triad",0.3354,0.99225494703193,0.00190509954936989
"NS1","H3N2","pseaac",0.0019,0.989700653351041,0.00273545119986063
"NS1","H3N6","two_mer",0.2484,0.992027855697798,0.00148411311708731
"NS1","H3N6","CTDc",0.1172,0.991648455236774,0.000988527344262545
"NS1","H3N6","CTDd",0.1447,0.991638792788883,0.00211057929536307
"NS1","H3N6","CTDt",0.1419,0.991615952586118,0.00142837157803075
"NS1","H3N6","triad",0.2775,0.992036399678754,0.00139616248216533
"NS1","H3N6","pseaac",0.0704,0.990259534574566,0.00263471346200167
"NS1","H3N8","two_mer",0.3041,0.991882703166347,0.00231870353392055
"NS1","H3N8","CTDc",0.0484,0.991661744405139,0.00208193406050972
"NS1","H3N8","CTDd",0.0699,0.991921275506599,0.0025322811870527
"NS1","H3N8","CTDt",0.0863,0.991819674755933,0.00260663612224166
"NS1","H3N8","triad",0.4854,0.99209864579284,0.00331419138854933
"NS1","H3N8","pseaac",0.006,0.99021124386599,0.00290234920418915
"NS1","H4N2","two_mer",0.1758,0.99182986581277,0.00430216449396591
"NS1","H4N2","CTDc",0.1648,0.991456088005634,0.00515880023884837
"NS1","H4N2","CTDd",0.1629,0.99147838957797,0.00409671855435393
"NS1","H4N2","CTDt",0.1644,0.991551928515845,0.00434423893922999
"NS1","H4N2","triad",0.1761,0.991712555375789,0.00446579414454064
"NS1","H4N2","pseaac",0.156,0.990641636399779,0.0051787515556157
"NS1","H4N6","two_mer",0.2514,0.992130721712535,0.00274506504052801
"NS1","H4N6","CTDc",0.0226,0.992095219965523,0.00314929257722635
"NS1","H4N6","CTDd",0.0251,0.991624556841454,0.00306051006737365
"NS1","H4N6","CTDt",0.0973,0.991986065835904,0.00184979728270135
"NS1","H4N6","triad",0.6036,0.992229733013132,0.00348285587461041
"NS1","H4N6","pseaac",0,0.99003697418141,0.00342966316822668
"NS1","H5N1","two_mer",0.2957,0.99279574754383,0.0059685112412026
"NS1","H5N1","CTDc",0.055,0.99207437868855,0.00594339996113998
"NS1","H5N1","CTDd",0.0446,0.991780320320147,0.00565074086433686
"NS1","H5N1","CTDt",0.1067,0.992287542552709,0.00583219897141163
"NS1","H5N1","triad",0.4933,0.992541531621705,0.00549678915377016
"NS1","H5N1","pseaac",0.0047,0.990371282249581,0.00628888999422935
"NS1","H5N2","two_mer",0.3,0.992520636176678,0.00213091515612908
"NS1","H5N2","CTDc",0.0602,0.99218517326178,0.00187510916539301
"NS1","H5N2","CTDd",0.0694,0.992010844778379,0.00177422481727532
"NS1","H5N2","CTDt",0.0745,0.991836387892204,0.00239398981605965
"NS1","H5N2","triad",0.4923,0.991983820341722,0.00200550710887711
"NS1","H5N2","pseaac",0.0037,0.989930681362406,0.00222446536958583
"NS1","H5N3","two_mer",0.293,0.992469196385541,0.00219721982575905
"NS1","H5N3","CTDc",0.0479,0.991929966617076,0.00236418435565481
"NS1","H5N3","CTDd",0.0678,0.992374284490891,0.00171402553859918
"NS1","H5N3","CTDt",0.0908,0.992213889958505,0.00246212875427572
"NS1","H5N3","triad",0.4888,0.992520622391144,0.00243842165468414
"NS1","H5N3","pseaac",0.0117,0.989594047813905,0.00267746511295715
"NS1","H5N5","two_mer",0.8046,0.992387871069681,0.00236069206647794
"NS1","H5N5","CTDc",0,0.991552508149849,0.00301906809107057
"NS1","H5N5","CTDd",0,0.991235053531669,0.00335185091162727
"NS1","H5N5","CTDt",0,0.991296239582913,0.00248592591428568
"NS1","H5N5","triad",0.1954,0.992226306867926,0.00260638085189844
"NS1","H5N5","pseaac",0,0.990588196024726,0.00399614418748593
"NS1","H5N6","two_mer",0.3248,0.992272448907933,0.00195692571332021
"NS1","H5N6","CTDc",0.0623,0.991468045796164,0.00168779789471643
"NS1","H5N6","CTDd",0.0609,0.992370633618798,0.00264264099031035
"NS1","H5N6","CTDt",0.1795,0.991921276593514,0.00273573086561543
"NS1","H5N6","triad",0.3726,0.992088268035823,0.00212726479592257
"NS1","H5N6","pseaac",0,0.990250680546452,0.00237721344564728
"NS1","H5N8","two_mer",0.2753,0.991667169073354,0.00507533689374568
"NS1","H5N8","CTDc",0.0557,0.991588670049467,0.00487951972044884
"NS1","H5N8","CTDd",0.0572,0.991453076132177,0.0051004047920131
"NS1","H5N8","CTDt",0.1025,0.991591895003833,0.0056641555181737
"NS1","H5N8","triad",0.5093,0.991691478493673,0.00502106031961043
"NS1","H5N8","pseaac",0,0.990089108335303,0.00589239447833429
"NS1","H6N1","two_mer",0.2439,0.991690540024811,0.00230269525732273
"NS1","H6N1","CTDc",0.123,0.99169844651378,0.00230116304941826
"NS1","H6N1","CTDd",0.1396,0.99214004761652,0.00199106607214777
"NS1","H6N1","CTDt",0.1365,0.991420097606444,0.00224795041702621
"NS1","H6N1","triad",0.3021,0.991696381051336,0.00182242582654082
"NS1","H6N1","pseaac",0.0549,0.989818565314975,0.00239810236297293
"NS1","H6N2","two_mer",0.2444,0.992865219209784,0.00127114827220993
"NS1","H6N2","CTDc",1e-04,0.992033095921093,0.0021168899158824
"NS1","H6N2","CTDd",0,0.992180126308273,0.0034188180699937
"NS1","H6N2","CTDt",0.1061,0.992047292264807,0.00334546450924375
"NS1","H6N2","triad",0.6494,0.99271446662826,0.00215936004500489
"NS1","H6N2","pseaac",0,0.990715796719916,0.00190011475862534
"NS1","H6N6","two_mer",0.045,0.993219898646723,0.00278308356439457
"NS1","H6N6","CTDc",0,0.992612232567538,0.00247549758909277
"NS1","H6N6","CTDd",0,0.992711047323331,0.00307843437886097
"NS1","H6N6","CTDt",0.0235,0.992467058898128,0.00278429740018066
"NS1","H6N6","triad",0.9315,0.99331845933159,0.00282251817967286
"NS1","H6N6","pseaac",0,0.990544164183791,0.00357456035855703
"NS1","H7N1","two_mer",0.191,0.991312307096997,0.0043687613910709
"NS1","H7N1","CTDc",0.1647,0.990684702032431,0.00508053633600935
"NS1","H7N1","CTDd",0.1467,0.990801124076533,0.00404507315873045
"NS1","H7N1","CTDt",0.1622,0.990754899765671,0.00560657172718067
"NS1","H7N1","triad",0.1906,0.991236660883296,0.00407361951193947
"NS1","H7N1","pseaac",0.1447,0.990070969866668,0.00399137322544783
"NS1","H7N3","two_mer",0.7294,0.992577929514137,0.00238832645003304
"NS1","H7N3","CTDc",0,0.991571211105088,0.00262795083628235
"NS1","H7N3","CTDd",0,0.992027459893603,0.00234304581419281
"NS1","H7N3","CTDt",0,0.991416612841498,0.00426445052192749
"NS1","H7N3","triad",0.2706,0.992469811666123,0.00271318632748547
"NS1","H7N3","pseaac",0,0.989838011159447,0.00246250864299252
"NS1","H7N7","two_mer",0.2541,0.992929837516343,0.00360287039910446
"NS1","H7N7","CTDc",0.0679,0.992311083147041,0.00293177690414548
"NS1","H7N7","CTDd",0.1064,0.992897472949579,0.00364744499751306
"NS1","H7N7","CTDt",0.1184,0.991632675454006,0.00375424867747096
"NS1","H7N7","triad",0.4417,0.992570762977794,0.00311108867562686
"NS1","H7N7","pseaac",0.0116,0.989972223448534,0.00265703427203066
"NS1","H7N9","two_mer",0.7686,0.99258119741497,0.00364612614754922
"NS1","H7N9","CTDc",0,0.9918501040996,0.00282863245736021
"NS1","H7N9","CTDd",0,0.992132802384371,0.00376308187309196
"NS1","H7N9","CTDt",0,0.99180136734506,0.00239449251099301
"NS1","H7N9","triad",0.2314,0.992228307438787,0.00271390957741164
"NS1","H7N9","pseaac",0,0.990523092347791,0.00302098139512186
"NS1","H9N2","two_mer",0.2262,0.993303443561149,0.00263710414725056
"NS1","H9N2","CTDc",0.1416,0.993583218752267,0.0028430044659473
"NS1","H9N2","CTDd",0.1527,0.99408186126598,0.00207913070621878
"NS1","H9N2","CTDt",0.1566,0.993702195155088,0.00209780192594306
"NS1","H9N2","triad",0.2598,0.993538391058954,0.00259930480531704
"NS1","H9N2","pseaac",0.0631,0.992345114910642,0.00304265961147869
"PA","H10N7","two_mer",1,0.993463141031892,0.00239411190629056
"PA","H10N7","CTDc",0,0.980623560070373,0.00322724864772702
"PA","H10N7","CTDd",0,0.988767721418364,0.00298752997889449
"PA","H10N7","CTDt",0,0.98906269969246,0.00373021859422431
"PA","H10N7","triad",0,0.991846281880567,0.00270054515970056
"PA","H10N7","pseaac",0,0.985116710281216,0.00263160029518756
"PA","H16N3","two_mer",1,0.993070689248824,0.00183192800203222
"PA","H16N3","CTDc",0,0.980403262739428,0.00327777641886068
"PA","H16N3","CTDd",0,0.988485491021556,0.00232987636361787
"PA","H16N3","CTDt",0,0.988961759924066,0.00241132518640533
"PA","H16N3","triad",0,0.991528628471425,0.00221172935926864
"PA","H16N3","pseaac",0,0.98411977512288,0.00343033350189818
"PA","H17N10","two_mer",0.7121,0.992986327293503,0.00216391934470527
"PA","H17N10","CTDc",0.0215,0.979694295018473,0.00335744897286794
"PA","H17N10","CTDd",0.0077,0.988771859453982,0.00197824612068032
"PA","H17N10","CTDt",0.0351,0.989103597882371,0.00250395228991741
"PA","H17N10","triad",0.2128,0.991973514841835,0.00187400605982367
"PA","H17N10","pseaac",0.0109,0.984187027442103,0.00424236435165026
"PA","H18N11","two_mer",0.9502,0.992718259459914,0.0029129528949561
"PA","H18N11","CTDc",0.0065,0.980077919107431,0.00237117963451961
"PA","H18N11","CTDd",0,0.988467219687296,0.00376333922651788
"PA","H18N11","CTDt",0.0112,0.988898691869568,0.00369509556755234
"PA","H18N11","triad",0.032,0.991346158729747,0.00403002862252834
"PA","H18N11","pseaac",0,0.984761715138224,0.0026528158001814
"PA","H1N1","two_mer",0.8034,0.98560722512651,0.00786247766186677
"PA","H1N1","CTDc",0,0.967339997907457,0.010240126932691
"PA","H1N1","CTDd",0,0.979788484572201,0.0102248347995716
"PA","H1N1","CTDt",0,0.980098642950236,0.00897404692901397
"PA","H1N1","triad",0.1966,0.984409122309064,0.00929361569151887
"PA","H1N1","pseaac",0,0.974163616188081,0.0104765040163726
"PA","H1N2","two_mer",1,0.992679559227664,0.00160497417313188
"PA","H1N2","CTDc",0,0.980670051755829,0.0043579824863127
"PA","H1N2","CTDd",0,0.987964419206299,0.00343233588516796
"PA","H1N2","CTDt",0,0.988336715588986,0.00323896357326599
"PA","H1N2","triad",0,0.991483294141156,0.00209723960082563
"PA","H1N2","pseaac",0,0.984672151433489,0.00227384311202549
"PA","H3N2","two_mer",1,0.991539520972219,0.00430325128907917
"PA","H3N2","CTDc",0,0.979423379035833,0.00320040816368514
"PA","H3N2","CTDd",0,0.987664908143268,0.00283746138415096
"PA","H3N2","CTDt",0,0.987946838525404,0.00341832366694834
"PA","H3N2","triad",0,0.990240401114284,0.00403507211349699
"PA","H3N2","pseaac",0,0.982012242137927,0.0032545558409885
"PA","H3N6","two_mer",0.3941,0.993102190080204,0.00159779591642439
"PA","H3N6","CTDc",0.0571,0.980331217360399,0.00165218480818907
"PA","H3N6","CTDd",0.1001,0.989400965734985,0.00215733920950183
"PA","H3N6","CTDt",0.115,0.989531175366222,0.000994616829502432
"PA","H3N6","triad",0.2816,0.992287727423919,0.00235087557081777
"PA","H3N6","pseaac",0.052,0.985029002149934,0.00161662409563613
"PA","H3N8","two_mer",0.8042,0.993341222118442,0.00296992518361449
"PA","H3N8","CTDc",0.0146,0.980458729688609,0.00476325972011602
"PA","H3N8","CTDd",0.0014,0.98963093671236,0.00262935698544297
"PA","H3N8","CTDt",0.0255,0.989367174684592,0.00338894836109563
"PA","H3N8","triad",0.1463,0.992331717348677,0.00306747059997403
"PA","H3N8","pseaac",0.008,0.984355840806665,0.00379706672656871
"PA","H4N2","two_mer",0.7997,0.993490497219582,0.00351749135625799
"PA","H4N2","CTDc",0.0189,0.980220244236362,0.00298064261118965
"PA","H4N2","CTDd",0,0.988586382217299,0.00277155834069051
"PA","H4N2","CTDt",0.0146,0.98874059791993,0.00501696575158743
"PA","H4N2","triad",0.159,0.992395135871716,0.00423957484560053
"PA","H4N2","pseaac",0.0078,0.983783554315255,0.00326690061981291
"PA","H4N6","two_mer",1,0.993469547819805,0.00128254154793141
"PA","H4N6","CTDc",0,0.980150605659853,0.00287644460541115
"PA","H4N6","CTDd",0,0.988730290497354,0.00207184419867959
"PA","H4N6","CTDt",0,0.989048401916738,0.00110245914347813
"PA","H4N6","triad",0,0.992403278532956,0.00200276688453153
"PA","H4N6","pseaac",0,0.983880008881774,0.0033134096606875
"PA","H5N1","two_mer",1,0.994608440688093,0.00414519591663458
"PA","H5N1","CTDc",0,0.981070256702376,0.00375868495090681
"PA","H5N1","CTDd",0,0.990555911343011,0.00421180833289796
"PA","H5N1","CTDt",0,0.990437936935002,0.00366882288827535
"PA","H5N1","triad",0,0.993581106584927,0.00375724401654907
"PA","H5N1","pseaac",0,0.984967330660465,0.0045797853519821
"PA","H5N2","two_mer",0.7791,0.992920791064065,0.00336011651533349
"PA","H5N2","CTDc",0.0217,0.980737338469664,0.00444442022953445
"PA","H5N2","CTDd",0,0.988678335155874,0.00350478448422291
"PA","H5N2","CTDt",0.0265,0.989033966934434,0.00384463522644255
"PA","H5N2","triad",0.1656,0.991706917308478,0.00444517900812141
"PA","H5N2","pseaac",0.007,0.984495590343139,0.00543069448509458
"PA","H5N3","two_mer",1,0.993442856602716,0.0017599408667102
"PA","H5N3","CTDc",0,0.980102368866833,0.00551295134356163
"PA","H5N3","CTDd",0,0.989034669470527,0.00153669096847067
"PA","H5N3","CTDt",0,0.988957293367004,0.0024290823669104
"PA","H5N3","triad",0,0.992295875428898,0.00160718905011587
"PA","H5N3","pseaac",0,0.983918200226814,0.00291577557674208
"PA","H5N5","two_mer",0.9867,0.993045904559254,0.00228413219075268
"PA","H5N5","CTDc",0.0133,0.980117428975113,0.00145041418970897
"PA","H5N5","CTDd",0,0.988928544283321,0.00262733513946992
"PA","H5N5","CTDt",0,0.988805096026942,0.00175599615085281
"PA","H5N5","triad",0,0.991443581348777,0.00297435963188857
"PA","H5N5","pseaac",0,0.98443365873979,0.00191946449065221
"PA","H5N6","two_mer",0.7391,0.992393871445172,0.00236805246187948
"PA","H5N6","CTDc",0.0215,0.979790895585648,0.00462670800099618
"PA","H5N6","CTDd",0,0.987960072737729,0.00247782812122703
"PA","H5N6","CTDt",0.015,0.987771052810044,0.00214228861581678
"PA","H5N6","triad",0.2117,0.991962738536501,0.0019504228965059
"PA","H5N6","pseaac",0.0126,0.983166466309492,0.00573608737111329
"PA","H5N8","two_mer",1,0.993162557764845,0.00379779898270509
"PA","H5N8","CTDc",0,0.979976884544908,0.00494695698867831
"PA","H5N8","CTDd",0,0.988893623211272,0.00381946410349382
"PA","H5N8","CTDt",0,0.988951071514067,0.00438860551430553
"PA","H5N8","triad",0,0.992057103356835,0.00437001858696324
"PA","H5N8","pseaac",0,0.983758159374627,0.00512748723923734
"PA","H6N1","two_mer",1,0.992408601833831,0.00162059927148865
"PA","H6N1","CTDc",0,0.979955097619956,0.00333125715719401
"PA","H6N1","CTDd",0,0.989055774791193,0.000643283227337131
"PA","H6N1","CTDt",0,0.988867113984724,0.00252919283709808
"PA","H6N1","triad",0,0.991469900846454,0.0019002426261499
"PA","H6N1","pseaac",0,0.984207985968489,0.00396841480789038
"PA","H6N2","two_mer",1,0.993280683820165,0.00264124701376002
"PA","H6N2","CTDc",0,0.980149956613003,0.00204062333585156
"PA","H6N2","CTDd",0,0.988786593246786,0.00208164168364595
"PA","H6N2","CTDt",0,0.988436438696405,0.00181615160239357
"PA","H6N2","triad",0,0.991924423603056,0.00244175701012708
"PA","H6N2","pseaac",0,0.98424414909421,0.0025227916217667
"PA","H6N6","two_mer",1,0.993827204187061,0.00141882600316819
"PA","H6N6","CTDc",0,0.981052443870459,0.00261697149949128
"PA","H6N6","CTDd",0,0.988820062476129,0.00189694508846483
"PA","H6N6","CTDt",0,0.989095019894164,0.00239464411484465
"PA","H6N6","triad",0,0.992179211308228,0.00137474618354116
"PA","H6N6","pseaac",0,0.984611887136638,0.00208769394824444
"PA","H7N1","two_mer",0.9998,0.99317946934811,0.00358930357784887
"PA","H7N1","CTDc",0,0.979204577094303,0.00344902601020411
"PA","H7N1","CTDd",0,0.989134731506117,0.00325504215007032
"PA","H7N1","CTDt",0,0.989025103265659,0.00515337542029655
"PA","H7N1","triad",2e-04,0.99215307434214,0.0036601295778378
"PA","H7N1","pseaac",0,0.983766969409065,0.00340489166786018
"PA","H7N3","two_mer",1,0.992144389084178,0.0035880154140796
"PA","H7N3","CTDc",0,0.979585503946152,0.00251694834276768
"PA","H7N3","CTDd",0,0.988091090490031,0.00448065744230659
"PA","H7N3","CTDt",0,0.987962222654989,0.00457638587434816
"PA","H7N3","triad",0,0.991155539396816,0.00468540570278967
"PA","H7N3","pseaac",0,0.983756231304368,0.00386885209916728
"PA","H7N7","two_mer",1,0.992221677899743,0.00371163719611655
"PA","H7N7","CTDc",0,0.979426202849807,0.00246777233647156
"PA","H7N7","CTDd",0,0.988615912384162,0.0032988558731737
"PA","H7N7","CTDt",0,0.988398091794763,0.00444173763823947
"PA","H7N7","triad",0,0.991333499473364,0.0028822316060683
"PA","H7N7","pseaac",0,0.983857940707793,0.00321624606585438
"PA","H7N9","two_mer",1,0.992742660622466,0.00321571498741654
"PA","H7N9","CTDc",0,0.979700079273337,0.0026554441365811
"PA","H7N9","CTDd",0,0.987903153916623,0.00256980811951274
"PA","H7N9","CTDt",0,0.988320696744035,0.00225054573374806
"PA","H7N9","triad",0,0.991460020846581,0.00362526934782634
"PA","H7N9","pseaac",0,0.983240028890214,0.0035652937737318
"PA","H9N2","two_mer",1,0.993262108723146,0.00276945957815412
"PA","H9N2","CTDc",0,0.98103168394689,0.00695252442523154
"PA","H9N2","CTDd",0,0.989556143299717,0.00313679656182111
"PA","H9N2","CTDt",0,0.99006168112771,0.00466345161280465
"PA","H9N2","triad",0,0.991919865333756,0.0028577641827457
"PA","H9N2","pseaac",0,0.984623271325593,0.00312875947522626
"PB1","H10N7","two_mer",0.9591,0.992084105878337,0.00242858844882553
"PB1","H10N7","CTDc",0,0.976795849993062,0.00296266825545911
"PB1","H10N7","CTDd",0,0.985759376750725,0.00352392580927438
"PB1","H10N7","CTDt",0,0.98676561396387,0.00193927773982141
"PB1","H10N7","triad",0.0409,0.99134625532285,0.00259781020304653
"PB1","H10N7","pseaac",0,0.979791922768022,0.00471645680238764
"PB1","H16N3","two_mer",0.7949,0.991511854923148,0.00262382258462516
"PB1","H16N3","CTDc",0,0.975747231530024,0.00166084012601363
"PB1","H16N3","CTDd",0,0.985720960735442,0.00296923297147312
"PB1","H16N3","CTDt",0,0.986976414996989,0.00188804418989198
"PB1","H16N3","triad",0.2051,0.990909467412305,0.00353800998341929
"PB1","H16N3","pseaac",0,0.97902383883855,0.00193598268855211
"PB1","H17N10","two_mer",0.6628,0.992281677078414,0.00289224328790027
"PB1","H17N10","CTDc",0,0.976293230554575,0.00158543017042745
"PB1","H17N10","CTDd",0,0.98628777597797,0.00341145946969552
"PB1","H17N10","CTDt",0.0019,0.987270528245513,0.00230761028780348
"PB1","H17N10","triad",0.3209,0.991299977102102,0.0038076498557817
"PB1","H17N10","pseaac",0.0144,0.978810156917147,0.00303043584181407
"PB1","H18N11","two_mer",0.8518,0.991915945962924,0.000997592492046207
"PB1","H18N11","CTDc",0,0.97553449276866,0.00322651869203276
"PB1","H18N11","CTDd",0,0.986047755036169,0.00287070271691315
"PB1","H18N11","CTDt",0,0.98760077233901,0.00187790314282723
"PB1","H18N11","triad",0.1482,0.99169127920115,0.000781578501920699
"PB1","H18N11","pseaac",0,0.979233070994701,0.00480913620025485
"PB1","H1N1","two_mer",0.6953,0.986358854782178,0.00501596108599142
"PB1","H1N1","CTDc",0,0.963223984108803,0.00657294004423458
"PB1","H1N1","CTDd",0,0.977868681095509,0.00752878792391497
"PB1","H1N1","CTDt",0,0.979535560817578,0.00665494615831656
"PB1","H1N1","triad",0.3047,0.98483418706356,0.00453273430114779
"PB1","H1N1","pseaac",0,0.966188453278718,0.0064643896626195
"PB1","H1N2","two_mer",0.9491,0.991458239180705,0.00232354930488479
"PB1","H1N2","CTDc",0,0.976502762937664,0.00333761904966687
"PB1","H1N2","CTDd",0,0.985296682098675,0.00282376420567947
"PB1","H1N2","CTDt",0,0.986739703617337,0.00310204924565033
"PB1","H1N2","triad",0.0509,0.990307300745398,0.00330079293780438
"PB1","H1N2","pseaac",0,0.979192385444774,0.00302108752563245
"PB1","H3N2","two_mer",0.9304,0.991049254268261,0.00454051572141806
"PB1","H3N2","CTDc",0,0.977707504508218,0.00397596371223276
"PB1","H3N2","CTDd",0,0.985293285589459,0.00342509736829925
"PB1","H3N2","CTDt",0,0.986477237587266,0.00389631441711652
"PB1","H3N2","triad",0.0696,0.989981279401805,0.00538728738930415
"PB1","H3N2","pseaac",0,0.980316539176754,0.00500228315562071
"PB1","H3N6","two_mer",0.7146,0.992184980734896,0.00189000304898786
"PB1","H3N6","CTDc",4e-04,0.976494488648637,0.00149043003625778
"PB1","H3N6","CTDd",0,0.986240157762996,0.00238384477502106
"PB1","H3N6","CTDt",0.004,0.987715523072592,0.00288317186140999
"PB1","H3N6","triad",0.2665,0.99158226047194,0.00146923644265398
"PB1","H3N6","pseaac",0.0144,0.979286260244685,0.00295078636033693
"PB1","H3N8","two_mer",0.5986,0.991539429413144,0.00270290880773466
"PB1","H3N8","CTDc",0.0051,0.975981407464458,0.00224468408549261
"PB1","H3N8","CTDd",0.0059,0.985880330233968,0.00354780098482426
"PB1","H3N8","CTDt",0.0298,0.987853558375539,0.00219363608280064
"PB1","H3N8","triad",0.3376,0.991178423903381,0.00319931135353151
"PB1","H3N8","pseaac",0.023,0.978424778559057,0.00484642899155691
"PB1","H4N2","two_mer",0.9969,0.991527046455786,0.00222822562596528
"PB1","H4N2","CTDc",0,0.977228764861363,0.00478338904631393
"PB1","H4N2","CTDd",0,0.985514827917335,0.00307543028281255
"PB1","H4N2","CTDt",0,0.987206676877141,0.00297405171227673
"PB1","H4N2","triad",0.0031,0.990757144032327,0.00209817593696866
"PB1","H4N2","pseaac",0,0.979720532767529,0.00495550102195767
"PB1","H4N6","two_mer",0.8211,0.992097361002178,0.001154031421711
"PB1","H4N6","CTDc",0,0.975896450188015,0.00320733887851285
"PB1","H4N6","CTDd",0,0.985766805003202,0.0020770646865098
"PB1","H4N6","CTDt",0,0.986610543276864,0.00227793537876729
"PB1","H4N6","triad",0.1636,0.991633290481532,0.0011573268677241
"PB1","H4N6","pseaac",0.0153,0.979735625899072,0.00322340638645742
"PB1","H5N1","two_mer",0.8042,0.993356685621515,0.00468062779963943
"PB1","H5N1","CTDc",0,0.97809721462546,0.00537270997142114
"PB1","H5N1","CTDd",0,0.987541977969344,0.00409665078651461
"PB1","H5N1","CTDt",0,0.988552016116827,0.00475820882987451
"PB1","H5N1","triad",0.1958,0.993328944489535,0.00403299183705026
"PB1","H5N1","pseaac",0,0.980048463605116,0.00544176676747289
"PB1","H5N2","two_mer",0.661,0.992017136510411,0.002279435388184
"PB1","H5N2","CTDc",2e-04,0.974791418245269,0.0054038363989472
"PB1","H5N2","CTDd",0,0.985768558140751,0.00397192279082915
"PB1","H5N2","CTDt",0.011,0.987342982297184,0.00219047706179628
"PB1","H5N2","triad",0.3146,0.992179116470329,0.00231504789947268
"PB1","H5N2","pseaac",0.0131,0.978142241618959,0.00657763115208907
"PB1","H5N3","two_mer",0.8372,0.992292405488912,0.000509849006738216
"PB1","H5N3","CTDc",0,0.976180703112798,0.0042267118954202
"PB1","H5N3","CTDd",0,0.986022584256188,0.00260962169647657
"PB1","H5N3","CTDt",0,0.987419160389214,0.00240364095057638
"PB1","H5N3","triad",0.1469,0.991839230944076,0.000755621372919271
"PB1","H5N3","pseaac",0.0159,0.979324227387664,0.00509735503782483
"PB1","H5N5","two_mer",0.6385,0.991824862339144,0.00397693516243465
"PB1","H5N5","CTDc",0,0.97663142403496,0.00607136386380281
"PB1","H5N5","CTDd",0,0.986255772263273,0.00387197132059364
"PB1","H5N5","CTDt",0,0.987052960044401,0.00534393884046705
"PB1","H5N5","triad",0.3492,0.991269330427656,0.00363436434704645
"PB1","H5N5","pseaac",0.0123,0.979284676815652,0.00508328286789657
"PB1","H5N6","two_mer",0.8528,0.991422035404031,0.00261632651306222
"PB1","H5N6","CTDc",0,0.975615449599819,0.00617396622245181
"PB1","H5N6","CTDd",0,0.984897120915008,0.00421923829272144
"PB1","H5N6","CTDt",0,0.986077110623468,0.00365265217204035
"PB1","H5N6","triad",0.1472,0.99076116621291,0.00222139238839393
"PB1","H5N6","pseaac",0,0.97830120992745,0.00532228060249636
"PB1","H5N8","two_mer",0.8823,0.991873683435967,0.0050521581688866
"PB1","H5N8","CTDc",0,0.975873601813187,0.00700641879684635
"PB1","H5N8","CTDd",0,0.9856579120212,0.00826907871973519
"PB1","H5N8","CTDt",0,0.986925224588985,0.00504548371486484
"PB1","H5N8","triad",0.1177,0.99083200208693,0.00531209686895246
"PB1","H5N8","pseaac",0,0.978900094494596,0.00630579178643184
"PB1","H6N1","two_mer",0.9072,0.991964247426957,0.00316094468126387
"PB1","H6N1","CTDc",0,0.976392940202839,0.00434222729375749
"PB1","H6N1","CTDd",0,0.985726678975524,0.00455718160864183
"PB1","H6N1","CTDt",0,0.986506027765119,0.00351995733784809
"PB1","H6N1","triad",0.0796,0.991599690700425,0.00291201652909683
"PB1","H6N1","pseaac",0.0132,0.979882999101905,0.00496243284361457
"PB1","H6N2","two_mer",0.8899,0.991890212121592,0.00178649968067776
"PB1","H6N2","CTDc",0,0.975891070091277,0.00356468617862202
"PB1","H6N2","CTDd",0,0.986091205388423,0.000878858296364047
"PB1","H6N2","CTDt",0,0.98725224864907,0.00225366686005348
"PB1","H6N2","triad",0.1101,0.991333419308205,0.00149096184142549
"PB1","H6N2","pseaac",0,0.978950922396432,0.0018010976429394
"PB1","H6N6","two_mer",0.9662,0.992506497531243,0.00371139123098996
"PB1","H6N6","CTDc",0,0.976753685556441,0.00369246412972919
"PB1","H6N6","CTDd",0,0.986730677794081,0.00465656519852805
"PB1","H6N6","CTDt",0,0.98768588923772,0.00407414724588705
"PB1","H6N6","triad",0.0338,0.99146987131166,0.0027381947344073
"PB1","H6N6","pseaac",0,0.979374148196792,0.00416424960403165
"PB1","H7N1","two_mer",0.6981,0.991860150756533,0.00417339659389631
"PB1","H7N1","CTDc",0,0.975934426449238,0.00618423711934216
"PB1","H7N1","CTDd",0,0.986023339824046,0.00589532384957401
"PB1","H7N1","CTDt",0,0.987063761530475,0.00465432430326707
"PB1","H7N1","triad",0.2885,0.991213169677697,0.0048235976465497
"PB1","H7N1","pseaac",0.0134,0.978728656067562,0.00642408177664714
"PB1","H7N3","two_mer",0.9019,0.991791811891405,0.00301330566829887
"PB1","H7N3","CTDc",0,0.97523321536954,0.00535849644981527
"PB1","H7N3","CTDd",0,0.98536541921925,0.00307647535491505
"PB1","H7N3","CTDt",0,0.98694021517322,0.00320765266719109
"PB1","H7N3","triad",0.0981,0.991199052970188,0.00335742584515112
"PB1","H7N3","pseaac",0,0.978389415418871,0.00613460577598052
"PB1","H7N7","two_mer",0.7807,0.991532657829457,0.00417223662135305
"PB1","H7N7","CTDc",0,0.976168827673125,0.00814211952448333
"PB1","H7N7","CTDd",0,0.985947892573141,0.00511635293857072
"PB1","H7N7","CTDt",0,0.986456901911486,0.00369686526111105
"PB1","H7N7","triad",0.206,0.99124118676146,0.00425971088939433
"PB1","H7N7","pseaac",0.0133,0.978838887428292,0.00587372089592531
"PB1","H7N9","two_mer",0.4969,0.992059836003283,0.00332827220104522
"PB1","H7N9","CTDc",0.0047,0.976387508516302,0.00570103232234422
"PB1","H7N9","CTDd",0.0041,0.985937591049861,0.00475893622603947
"PB1","H7N9","CTDt",0.0156,0.987328082479061,0.00489888646219957
"PB1","H7N9","triad",0.4602,0.991376477958769,0.00345224121308247
"PB1","H7N9","pseaac",0.0185,0.978543248748488,0.00631359536535073
"PB1","H9N2","two_mer",0.6203,0.992641251839343,0.00272417336442943
"PB1","H9N2","CTDc",0.002,0.979650414530942,0.00417843724622753
"PB1","H9N2","CTDd",0.0088,0.986908215171979,0.00356880035216964
"PB1","H9N2","CTDt",0.0174,0.9883026409602,0.00332274053795788
"PB1","H9N2","triad",0.3358,0.992181534582498,0.00381127219530299
"PB1","H9N2","pseaac",0.0158,0.981849837511838,0.00350765321676094
"PB2","H10N7","two_mer",1,0.993411142913947,0.00149026705791397
"PB2","H10N7","CTDc",0,0.978750056976884,0.00295686707621232
"PB2","H10N7","CTDd",0,0.987623803548018,0.002834312400369
"PB2","H10N7","CTDt",0,0.986572179903952,0.00339152285669401
"PB2","H10N7","triad",0,0.992204490825084,0.00271750246457077
"PB2","H10N7","pseaac",0,0.983098075349177,0.00387791099796741
"PB2","H16N3","two_mer",1,0.993189876741973,0.00128868216646021
"PB2","H16N3","CTDc",0,0.978167675099586,0.00519813107108891
"PB2","H16N3","CTDd",0,0.98736859295589,0.0016385345175735
"PB2","H16N3","CTDt",0,0.985798476191396,0.00142396656290332
"PB2","H16N3","triad",0,0.991918144811873,0.00134817651009452
"PB2","H16N3","pseaac",0,0.981354413489685,0.0049135194866861
"PB2","H17N10","two_mer",1,0.993562094502085,0.00201580706969222
"PB2","H17N10","CTDc",0,0.978217756144608,0.0030594126368215
"PB2","H17N10","CTDd",0,0.98768674778735,0.00222769195498572
"PB2","H17N10","CTDt",0,0.986257440568932,0.00306773489560359
"PB2","H17N10","triad",0,0.992353259953418,0.00220814036787192
"PB2","H17N10","pseaac",0,0.98211026093688,0.00388260901073994
"PB2","H18N11","two_mer",1,0.992692824767578,0.00283009215911131
"PB2","H18N11","CTDc",0,0.976997334897409,0.00278456914314343
"PB2","H18N11","CTDd",0,0.986232993994472,0.00185532514592093
"PB2","H18N11","CTDt",0,0.985307437663628,0.00358790779168305
"PB2","H18N11","triad",0,0.991236267400874,0.00215561058494022
"PB2","H18N11","pseaac",0,0.980520062935238,0.00377106947386656
"PB2","H1N1","two_mer",0.6301,0.987165128822274,0.00519417408764677
"PB2","H1N1","CTDc",0.0262,0.969354703330003,0.00626608844503646
"PB2","H1N1","CTDd",0.0633,0.979478919436246,0.00689407592426461
"PB2","H1N1","CTDt",0.0585,0.979167858216533,0.00425340852699923
"PB2","H1N1","triad",0.222,0.985762375457248,0.00498262518134767
"PB2","H1N1","pseaac",0,0.971643796822086,0.00530344168521941
"PB2","H1N2","two_mer",1,0.992891867111348,0.00324779518396352
"PB2","H1N2","CTDc",0,0.978208629812512,0.00643091605323285
"PB2","H1N2","CTDd",0,0.986282909896687,0.00624468389212502
"PB2","H1N2","CTDt",0,0.98528543444553,0.00531530739049185
"PB2","H1N2","triad",0,0.991507706169638,0.00328132876790564
"PB2","H1N2","pseaac",0,0.981385795888615,0.00533586696787027
"PB2","H3N2","two_mer",1,0.992716135316551,0.00333090347547253
"PB2","H3N2","CTDc",0,0.977012677309767,0.00774117140462148
"PB2","H3N2","CTDd",0,0.986934612712513,0.00414033273587729
"PB2","H3N2","CTDt",0,0.984984904350662,0.00407791634583991
"PB2","H3N2","triad",0,0.991363130071717,0.00272804646825914
"PB2","H3N2","pseaac",0,0.981594467029227,0.00702936122157216
"PB2","H3N6","two_mer",1,0.993728770317257,0.00204244117555848
"PB2","H3N6","CTDc",0,0.978439727644543,0.00325177200290325
"PB2","H3N6","CTDd",0,0.987790915512291,0.002298138443087
"PB2","H3N6","CTDt",0,0.986165716254037,0.00283609086033401
"PB2","H3N6","triad",0,0.992010131162692,0.00247222481116965
"PB2","H3N6","pseaac",0,0.981797141163597,0.00216664018427756
"PB2","H3N8","two_mer",1,0.993509875164889,0.00327880357262476
"PB2","H3N8","CTDc",0,0.978405574490728,0.00289175017181293
"PB2","H3N8","CTDd",0,0.987186331917626,0.00450895052103858
"PB2","H3N8","CTDt",0,0.985987553491418,0.00442810909153136
"PB2","H3N8","triad",0,0.99204666823874,0.00424309460651918
"PB2","H3N8","pseaac",0,0.982629181907083,0.00493004373035839
"PB2","H4N2","two_mer",1,0.992622041345876,0.00357600784042796
"PB2","H4N2","CTDc",0,0.977209198655103,0.00235209016895323
"PB2","H4N2","CTDd",0,0.986259128653236,0.00482864501537991
"PB2","H4N2","CTDt",0,0.98535335928851,0.00290695536967171
"PB2","H4N2","triad",0,0.991641026312818,0.00361302028666342
"PB2","H4N2","pseaac",0,0.981377091242627,0.00297254962748945
"PB2","H4N6","two_mer",0.847,0.993259609897037,0.00200606379681167
"PB2","H4N6","CTDc",0.0093,0.977702756252557,0.00344615931155388
"PB2","H4N6","CTDd",0.0081,0.987051937680917,0.00263364098549266
"PB2","H4N6","CTDt",0.0113,0.986185565051663,0.00332581596049951
"PB2","H4N6","triad",0.1157,0.992098681876027,0.00212329303807714
"PB2","H4N6","pseaac",0.0086,0.982335941605342,0.00634421199387769
"PB2","H5N1","two_mer",0.9027,0.994588058956651,0.00408268682705954
"PB2","H5N1","CTDc",0,0.979721353032078,0.00372162767163895
"PB2","H5N1","CTDd",0,0.98773430008424,0.00464920236979423
"PB2","H5N1","CTDt",0.0022,0.98644558517564,0.00464483982193425
"PB2","H5N1","triad",0.0776,0.993083499306478,0.00355625418544387
"PB2","H5N1","pseaac",0.0176,0.982977168681835,0.00395771991145365
"PB2","H5N2","two_mer",1,0.99219536649879,0.00406642205764488
"PB2","H5N2","CTDc",0,0.97594029545886,0.00302490799009233
"PB2","H5N2","CTDd",0,0.986068905181927,0.00391016113780296
"PB2","H5N2","CTDt",0,0.984500044480265,0.00412932534728142
"PB2","H5N2","triad",0,0.990795726696758,0.00390610176245444
"PB2","H5N2","pseaac",0,0.979608724179883,0.0048972743095411
"PB2","H5N3","two_mer",1,0.993277935151868,0.000728924076392744
"PB2","H5N3","CTDc",0,0.977297989881173,0.00396308850443376
"PB2","H5N3","CTDd",0,0.987067347045164,0.00173497277283218
"PB2","H5N3","CTDt",0,0.985295768473418,0.00275237419705683
"PB2","H5N3","triad",0,0.991995585970234,0.00254595481526801
"PB2","H5N3","pseaac",0,0.981153734232893,0.00483658439713367
"PB2","H5N5","two_mer",1,0.993063013059611,0.00314609365217063
"PB2","H5N5","CTDc",0,0.978042875120437,0.00407088945329398
"PB2","H5N5","CTDd",0,0.986851454248935,0.0028511338104965
"PB2","H5N5","CTDt",0,0.985775965992257,0.00443857762795939
"PB2","H5N5","triad",0,0.991761029177844,0.00241282947036745
"PB2","H5N5","pseaac",0,0.98150231931524,0.00396287799744697
"PB2","H5N6","two_mer",1,0.992572061998983,0.00244747690977147
"PB2","H5N6","CTDc",0,0.976886433558559,0.00375785098088915
"PB2","H5N6","CTDd",0,0.986761084382643,0.00326598681027574
"PB2","H5N6","CTDt",0,0.985199235366495,0.00317804515539257
"PB2","H5N6","triad",0,0.991702232099629,0.0023292299756759
"PB2","H5N6","pseaac",0,0.980727635336777,0.00364566686986618
"PB2","H5N8","two_mer",1,0.993515610437155,0.00418778535986081
"PB2","H5N8","CTDc",0,0.978466924868341,0.00427321875525775
"PB2","H5N8","CTDd",0,0.987722861501488,0.00380458162194558
"PB2","H5N8","CTDt",0,0.986089806718969,0.00495085656739893
"PB2","H5N8","triad",0,0.992548505877728,0.00421388522844148
"PB2","H5N8","pseaac",0,0.982206944501353,0.00442766315254738
"PB2","H6N1","two_mer",1,0.992427860272455,0.00389125297190596
"PB2","H6N1","CTDc",0,0.978187407364674,0.00717837350332253
"PB2","H6N1","CTDd",0,0.98704992478999,0.00549618957111286
"PB2","H6N1","CTDt",0,0.985904332841125,0.00525232059131291
"PB2","H6N1","triad",0,0.991013268389225,0.0037355065359128
"PB2","H6N1","pseaac",0,0.982021157657041,0.00853344578540807
"PB2","H6N2","two_mer",1,0.993495786517388,0.002565340735624
"PB2","H6N2","CTDc",0,0.97912834941155,0.00475723696568642
"PB2","H6N2","CTDd",0,0.987407259050745,0.00379736172446634
"PB2","H6N2","CTDt",0,0.985989979543243,0.00354005180238906
"PB2","H6N2","triad",0,0.99232097957971,0.00270546208741985
"PB2","H6N2","pseaac",0,0.981992095637404,0.00209407124349595
"PB2","H6N6","two_mer",1,0.993928175239148,0.00293644811657049
"PB2","H6N6","CTDc",0,0.978087315039988,0.00354968056428911
"PB2","H6N6","CTDd",0,0.987219292702454,0.00295377028290361
"PB2","H6N6","CTDt",0,0.9857911609021,0.00294533602451413
"PB2","H6N6","triad",0,0.992452649076108,0.0028856443182436
"PB2","H6N6","pseaac",0,0.981886922255807,0.00363616466642252
"PB2","H7N1","two_mer",1,0.992829594240424,0.00370684761826139
"PB2","H7N1","CTDc",0,0.977822779822885,0.00328061732190574
"PB2","H7N1","CTDd",0,0.987022614298884,0.00387360757780887
"PB2","H7N1","CTDt",0,0.98606656307907,0.0032667259736787
"PB2","H7N1","triad",0,0.991591577006512,0.00382790354680605
"PB2","H7N1","pseaac",0,0.981389786339766,0.00341353059932756
"PB2","H7N3","two_mer",1,0.993119902857968,0.00201165657141562
"PB2","H7N3","CTDc",0,0.976706267739225,0.00247294451277373
"PB2","H7N3","CTDd",0,0.987061610993364,0.00176316646229842
"PB2","H7N3","CTDt",0,0.984926849786992,0.00241937421107801
"PB2","H7N3","triad",0,0.991316816002006,0.00228949424318997
"PB2","H7N3","pseaac",0,0.980572667088835,0.00332533335401259
"PB2","H7N7","two_mer",1,0.993424918324861,0.00162143575668393
"PB2","H7N7","CTDc",0,0.978023101701937,0.00452902039240104
"PB2","H7N7","CTDd",0,0.986679970861193,0.00384702792955781
"PB2","H7N7","CTDt",0,0.985848541857197,0.00385990715378051
"PB2","H7N7","triad",0,0.991473315403999,0.00264390354418861
"PB2","H7N7","pseaac",0,0.981635775418853,0.00215175082061182
"PB2","H7N9","two_mer",1,0.993347976143219,0.00249874105751953
"PB2","H7N9","CTDc",0,0.978141610094381,0.00359971305985669
"PB2","H7N9","CTDd",0,0.987428694476494,0.00123999806524261
"PB2","H7N9","CTDt",0,0.986425709434546,0.00209804036661056
"PB2","H7N9","triad",0,0.992409840813371,0.00297537958836063
"PB2","H7N9","pseaac",0,0.981974778791906,0.00259043517536813
"PB2","H9N2","two_mer",1,0.993759823562941,0.00185836465590312
"PB2","H9N2","CTDc",0,0.98049580406863,0.00387413093196634
"PB2","H9N2","CTDd",0,0.988597063322251,0.00269321067991088
"PB2","H9N2","CTDt",0,0.98696355551509,0.00411395436574165
"PB2","H9N2","triad",0,0.992443787702683,0.00235464387818643
"PB2","H9N2","pseaac",0,0.983893067472066,0.00479006014803081
