"","Iteration","Lh","Tree.No","qAH","qAP","qHA","qHP","qPA","qPH","RecNode.P.A.","RecNode.P.H.","RecNode.P.P."
"1",11000,-160.020528,1,0.460891,0.460891,0,6.507302,6.507302,6.507302,0.333332,0.333334,0.333333
"2",13000,-162.112239,1,0.355408,0.355408,0,7.727167,7.727167,7.727167,0.333329,0.333337,0.333334
"3",15000,-160.374303,1,0.310339,0.310339,0,5.396734,5.396734,5.396734,0.333299,0.333363,0.333338
"4",17000,-158.509119,1,0.294045,0.294045,0,10.444762,10.444762,10.444762,0.333333,0.333334,0.333333
"5",19000,-160.518612,1,0.303754,0.303754,0,4.831459,4.831459,4.831459,0.333297,0.333365,0.333338
"6",21000,-159.80703,1,0.376922,0.376922,0,5.955555,5.955555,5.955555,0.333325,0.333341,0.333334
"7",23000,-163.255914,1,0.626188,0.626188,0,5.841705,5.841705,5.841705,0.333337,0.33333,0.333333
"8",25000,-158.758153,1,0.664924,0.664924,0,7.935309,7.935309,7.935309,0.333333,0.333333,0.333333
"9",27000,-161.741606,1,0.340205,0.340205,0,5.284611,5.284611,5.284611,0.333315,0.333349,0.333336
"10",29000,-161.734508,1,0.686201,0.686201,0,5.700164,5.700164,5.700164,0.333338,0.33333,0.333333
"11",31000,-159.572353,1,0.527965,0.527965,0,5.261182,5.261182,5.261182,0.333344,0.333323,0.333332
"12",33000,-159.563063,1,0.551286,0.551286,0.551286,5.095549,5.095549,5.095549,0.333335,0.333332,0.333333
"13",35000,-160.350391,1,0.328538,0.328538,0,5.123179,5.123179,5.123179,0.333311,0.333353,0.333336
"14",37000,-162.642578,1,0.324314,0.324314,0,6.873453,6.873453,6.873453,0.333322,0.333343,0.333335
"15",39000,-159.048682,1,0,0.822599,0,6.622509,6.622509,6.622509,0.33331,0.333354,0.333336
"16",41000,-160.432572,1,0.26704,0.26704,0,7.388419,7.388419,7.388419,0.333318,0.333346,0.333335
"17",43000,-158.42461,1,0.539407,0.539407,0,4.633079,4.633079,4.633079,0.333367,0.333303,0.33333
"18",45000,-158.890489,1,0,0.972035,0,6.007916,6.007916,6.007916,0.333314,0.33335,0.333336
"19",47000,-160.346086,1,0.308603,0.308603,0,6.404134,6.404134,6.404134,0.333313,0.333351,0.333336
"20",49000,-159.819592,1,0.457187,0.457187,0.457187,9.896925,9.896925,9.896925,0.333333,0.333333,0.333333
"21",51000,-161.552545,1,0,0.882578,0,4.981066,4.981066,4.981066,0.333282,0.333378,0.33334
"22",53000,-160.174775,1,0.40322,0.40322,0,5.906831,5.906831,5.906831,0.333329,0.333337,0.333334
"23",55000,-159.913777,1,0.493206,0.493206,0,4.986036,4.986036,4.986036,0.333352,0.333317,0.333331
"24",57000,-159.736828,1,0.396627,0.396627,0,4.067719,4.067719,4.067719,0.333441,0.333238,0.333321
"25",59000,-159.674931,1,0.34453,0.34453,0,6.692301,6.692301,6.692301,0.333323,0.333342,0.333335
"26",61000,-160.052875,1,0,1.078095,0,5.927946,5.927946,5.927946,0.333321,0.333344,0.333335
"27",63000,-159.131577,1,0,1.102826,0,9.472451,9.472451,9.472451,0.333333,0.333334,0.333333
"28",65000,-163.708504,1,0.403689,0.403689,0,5.459569,5.459569,5.459569,0.333332,0.333335,0.333334
"29",67000,-160.423463,1,0,1.205186,0,6.830578,6.830578,6.830578,0.33333,0.333337,0.333334
"30",69000,-161.050403,1,0.489799,0.489799,0,8.819072,8.819072,8.819072,0.333333,0.333334,0.333333
"31",71000,-161.333462,1,0.55571,0.55571,0,6.693128,6.693128,6.693128,0.333334,0.333333,0.333333
"32",73000,-159.779407,1,0,1.97947,0,9.275984,9.275984,9.275984,0.333333,0.333333,0.333333
"33",75000,-161.597079,1,0.390221,0.390221,0,9.275245,9.275245,9.275245,0.333333,0.333334,0.333333
"34",77000,-158.964538,1,0,0.583875,0,5.194253,5.194253,5.194253,0.33311,0.333527,0.333363
"35",79000,-158.83898,1,0,0.936395,0,6.764683,6.764683,6.764683,0.33332,0.333345,0.333335
"36",81000,-160.522114,1,0.306126,0.306126,0.306126,7.099048,7.099048,7.099048,0.333326,0.333339,0.333334
"37",83000,-160.534629,1,0.668502,0.668502,0,4.783352,4.783352,4.783352,0.333352,0.333316,0.333332
"38",85000,-158.9705,1,0.423715,0.423715,0,6.719207,6.719207,6.719207,0.33333,0.333336,0.333334
"39",87000,-159.189179,1,0,0.891143,0,8.612412,8.612412,8.612412,0.333331,0.333336,0.333334
"40",89000,-160.47278,1,0,0.95079,0,5.876366,5.876366,5.876366,0.33331,0.333354,0.333336
"41",91000,-160.12109,1,0.443555,0.443555,0,6.136211,6.136211,6.136211,0.333332,0.333335,0.333334
"42",93000,-161.263857,1,0.47435,0.47435,0,5.255922,5.255922,5.255922,0.333343,0.333325,0.333332
"43",95000,-159.842217,1,0.351249,0.351249,0,6.388914,6.388914,6.388914,0.333322,0.333343,0.333335
"44",97000,-160.086615,1,0.571387,0.571387,0,5.628459,5.628459,5.628459,0.333339,0.333328,0.333333
"45",99000,-160.18573,1,0.48226,0.48226,0,6.36305,6.36305,6.36305,0.333333,0.333334,0.333333
"46",101000,-160.605767,1,0.463176,0.463176,0,6.056627,6.056627,6.056627,0.333333,0.333333,0.333333
"47",103000,-158.844836,1,0.529361,0.529361,0,7.17099,7.17099,7.17099,0.333333,0.333334,0.333333
"48",105000,-158.632174,1,0,0.97234,0,6.823181,6.823181,6.823181,0.333323,0.333343,0.333335
"49",107000,-159.573263,1,0,0.695685,0,6.112989,6.112989,6.112989,0.333269,0.333389,0.333342
"50",109000,-159.908854,1,0,1.880952,0,8.968655,8.968655,8.968655,0.333333,0.333333,0.333333
"51",111000,-158.787467,1,0.268554,0.268554,0.268554,6.757175,6.757175,6.757175,0.333317,0.333347,0.333336
"52",113000,-159.269391,1,0.402283,0.402283,0,5.875492,5.875492,5.875492,0.333329,0.333337,0.333334
"53",115000,-160.122096,1,0.673021,0.673021,0,6.007699,6.007699,6.007699,0.333336,0.333331,0.333333
"54",117000,-161.257148,1,0,1.125046,0,5.261446,5.261446,5.261446,0.333324,0.333341,0.333334
"55",119000,-158.623413,1,0,0.867371,0,5.376737,5.376737,5.376737,0.333285,0.333375,0.333339
"56",121000,-160.455811,1,0,1.060527,0,10.637724,10.637724,10.637724,0.333333,0.333333,0.333333
"57",123000,-163.533151,1,0.354356,0.354356,0,6.737408,6.737408,6.737408,0.333325,0.333341,0.333334
"58",125000,-160.055456,1,0.553626,0.553626,0,7.78294,7.78294,7.78294,0.333333,0.333333,0.333333
"59",127000,-160.878885,1,0.669,0.669,0.669,7.365141,7.365141,7.365141,0.333333,0.333333,0.333333
"60",129000,-159.585943,1,0,0.567158,0,6.670174,6.670174,6.670174,0.333263,0.333394,0.333343
"61",131000,-159.892242,1,0,0.985236,0,5.286763,5.286763,5.286763,0.333308,0.333356,0.333336
"62",133000,-161.212741,1,0,0.548266,0,7.997768,7.997768,7.997768,0.333312,0.333351,0.333336
"63",135000,-160.018348,1,0.471834,0.471834,0.471834,7.495686,7.495686,7.495686,0.333333,0.333334,0.333333
"64",137000,-160.711887,1,0.430886,0.430886,0,5.657442,5.657442,5.657442,0.333333,0.333333,0.333333
"65",139000,-159.75343,1,0,1.213191,0,5.222613,5.222613,5.222613,0.333331,0.333336,0.333334
"66",141000,-160.792826,1,0,1.170701,0,5.370663,5.370663,5.370663,0.333327,0.333339,0.333334
"67",143000,-158.88058,1,0.362606,0.362606,0.362606,5.879036,5.879036,5.879036,0.333325,0.333341,0.333335
"68",145000,-161.710924,1,0.414759,0.414759,0,4.458615,4.458615,4.458615,0.333381,0.333291,0.333328
"69",147000,-158.50891,1,0.38551,0.38551,0,5.797951,5.797951,5.797951,0.333326,0.33334,0.333334
"70",149000,-160.252605,1,0.460425,0.460425,0,6.91811,6.91811,6.91811,0.333332,0.333335,0.333334
"71",151000,-160.408933,1,0.295381,0.295381,0,6.565564,6.565564,6.565564,0.333312,0.333352,0.333336
"72",153000,-159.960505,1,0.138919,0.138919,0.138919,6.209627,6.209627,6.209627,0.333144,0.333495,0.333361
"73",155000,-163.841835,1,0.316233,0.316233,0,5.711551,5.711551,5.711551,0.333306,0.333358,0.333337
"74",157000,-158.701977,1,0.517126,0.517126,0,7.234203,7.234203,7.234203,0.333333,0.333334,0.333333
"75",159000,-160.036251,1,0.5263,0.5263,0,6.70701,6.70701,6.70701,0.333333,0.333333,0.333333
"76",161000,-160.831834,1,0.201034,0.201034,0,7.544479,7.544479,7.544479,0.333304,0.333359,0.333337
"77",163000,-159.995693,1,0.5577,0.5577,0,6.484236,6.484236,6.484236,0.333334,0.333333,0.333333
"78",165000,-160.280709,1,0.348169,0.348169,0.348169,3.734601,3.734601,3.734601,0.33337,0.333302,0.333328
"79",167000,-159.564344,1,0,0.930819,0,6.008294,6.008294,6.008294,0.33331,0.333354,0.333336
"80",169000,-164.106007,1,0,0.762184,0,5.329649,5.329649,5.329649,0.333249,0.333407,0.333344
"81",171000,-158.758008,1,0.228968,0.228968,0,5.445856,5.445856,5.445856,0.333211,0.333439,0.333349
"82",173000,-158.680353,1,0,0.896132,0,6.421786,6.421786,6.421786,0.333313,0.333351,0.333336
"83",175000,-159.607513,1,0.370652,0.370652,0.370652,6.357127,6.357127,6.357127,0.333328,0.333338,0.333334
"84",177000,-160.501291,1,0.345448,0.345448,0,7.923764,7.923764,7.923764,0.33333,0.333336,0.333334
"85",179000,-159.522761,1,0,0.347907,0,7.95864,7.95864,7.95864,0.333275,0.333383,0.333341
"86",181000,-160.926902,1,0.393055,0.393055,0,6.225569,6.225569,6.225569,0.333327,0.333339,0.333334
"87",183000,-160.002586,1,0,0.6997,0,4.66208,4.66208,4.66208,0.333168,0.333477,0.333354
"88",185000,-158.644308,1,0.383687,0.383687,0,7.821394,7.821394,7.821394,0.333331,0.333336,0.333334
"89",187000,-158.891393,1,0.733016,0.733016,0,7.143428,7.143428,7.143428,0.333334,0.333333,0.333333
"90",189000,-159.184536,1,0.434941,0.434941,0,6.442813,6.442813,6.442813,0.333331,0.333336,0.333334
"91",191000,-160.75179,1,0.605061,0.605061,0,8.694173,8.694173,8.694173,0.333333,0.333333,0.333333
"92",193000,-158.514092,1,0,1.290576,0,7.193825,7.193825,7.193825,0.333331,0.333335,0.333334
"93",195000,-160.060837,1,0,1.361921,0,8.871583,8.871583,8.871583,0.333333,0.333334,0.333333
"94",197000,-161.159503,1,0.312965,0.312965,0.312965,5.526393,5.526393,5.526393,0.33331,0.333353,0.333337
"95",199000,-159.192526,1,0,1.061168,0,6.839537,6.839537,6.839537,0.333326,0.333339,0.333334
"96",201000,-160.408004,1,0,0.627789,0,8.45718,8.45718,8.45718,0.333324,0.333341,0.333335
"97",203000,-161.391409,1,0,1.555746,0,5.945005,5.945005,5.945005,0.333334,0.333333,0.333333
"98",205000,-161.125126,1,0,1.12124,0,8.80255,8.80255,8.80255,0.333332,0.333334,0.333333
"99",207000,-159.973923,1,0.281176,0.281176,0,4.179007,4.179007,4.179007,0.333321,0.333344,0.333335
"100",209000,-161.420085,1,0.277157,0.277157,0.277157,5.791495,5.791495,5.791495,0.3333,0.333362,0.333338
"101",211000,-159.233623,1,0.480383,0.480383,0.480383,8.453075,8.453075,8.453075,0.333333,0.333333,0.333333
"102",213000,-160.956,1,0,0.589842,0,6.132453,6.132453,6.132453,0.333231,0.333422,0.333347
"103",215000,-162.586911,1,0,1.087401,0,7.237405,7.237405,7.237405,0.333329,0.333337,0.333334
"104",217000,-158.424423,1,0.754603,0.754603,0,7.613818,7.613818,7.613818,0.333334,0.333333,0.333333
"105",219000,-159.070485,1,0.326239,0.326239,0,4.717052,4.717052,4.717052,0.333322,0.333343,0.333335
"106",221000,-159.589929,1,0.261033,0.261033,0,6.901925,6.901925,6.901925,0.333308,0.333355,0.333337
"107",223000,-160.380675,1,0.610614,0.610614,0,7.701478,7.701478,7.701478,0.333333,0.333333,0.333333
"108",225000,-159.228847,1,0.331466,0.331466,0,7.65273,7.65273,7.65273,0.333328,0.333338,0.333334
"109",227000,-159.091911,1,0.503719,0.503719,0,5.596908,5.596908,5.596908,0.333338,0.333329,0.333333
"110",229000,-161.398894,1,0.353205,0.353205,0,5.562881,5.562881,5.562881,0.333319,0.333346,0.333335
"111",231000,-160.036265,1,1.100733,0,0,9.019964,9.019964,9.019964,0.333333,0.333333,0.333333
"112",233000,-162.148725,1,0,0.919712,0,6.701416,6.701416,6.701416,0.333319,0.333346,0.333335
"113",235000,-159.757185,1,0.278827,0.278827,0,6.659522,6.659522,6.659522,0.333308,0.333355,0.333337
"114",237000,-161.709944,1,0.44629,0.44629,0,5.863774,5.863774,5.863774,0.333333,0.333334,0.333333
"115",239000,-160.166125,1,0,0.927141,0,5.892391,5.892391,5.892391,0.333307,0.333356,0.333337
"116",241000,-159.158545,1,0.39223,0.39223,0,7.985481,7.985481,7.985481,0.333331,0.333335,0.333334
"117",243000,-158.751606,1,0.346696,0.346696,0,5.066428,5.066428,5.066428,0.333322,0.333343,0.333335
"118",245000,-159.405864,1,0.459911,0.459911,0,7.715421,7.715421,7.715421,0.333332,0.333334,0.333333
"119",247000,-161.799191,1,0.59536,0.59536,0,6.99398,6.99398,6.99398,0.333334,0.333333,0.333333
"120",249000,-158.766186,1,0,0.817445,0,7.810613,7.810613,7.810613,0.333325,0.33334,0.333334
"121",251000,-160.399291,1,0.450673,0.450673,0,7.024728,7.024728,7.024728,0.333332,0.333335,0.333334
"122",253000,-159.960641,1,0.292521,0.292521,0,6.933268,6.933268,6.933268,0.333317,0.333348,0.333336
"123",255000,-159.344356,1,0.318685,0.318685,0,4.37001,4.37001,4.37001,0.333346,0.333322,0.333332
"124",257000,-160.210668,1,0.546187,0.546187,0.546187,7.765448,7.765448,7.765448,0.333333,0.333333,0.333333
"125",259000,-159.558434,1,0,0.602503,0,7.752588,7.752588,7.752588,0.333312,0.333352,0.333336
"126",261000,-158.266612,1,0.603785,0.603785,0,7.526769,7.526769,7.526769,0.333333,0.333333,0.333333
"127",263000,-159.704624,1,0,0.548465,0,7.071329,7.071329,7.071329,0.333281,0.333378,0.33334
"128",265000,-159.09346,1,0.478327,0.478327,0,5.291318,5.291318,5.291318,0.333342,0.333325,0.333332
"129",267000,-160.242682,1,0.722922,0.722922,0,6.314999,6.314999,6.314999,0.333335,0.333332,0.333333
"130",269000,-158.546578,1,0,0.608831,0,4.528105,4.528105,4.528105,0.33304,0.333588,0.333371
"131",271000,-159.904115,1,0,0.937871,0,5.626934,5.626934,5.626934,0.333304,0.333359,0.333337
"132",273000,-160.05805,1,0.355456,0.355456,0,7.020368,7.020368,7.020368,0.333326,0.333339,0.333334
"133",275000,-159.655249,1,0.51093,0.51093,0,5.311563,5.311563,5.311563,0.333343,0.333325,0.333332
"134",277000,-159.814755,1,0.268794,0.268794,0,3.57879,3.57879,3.57879,0.333516,0.333173,0.333311
"135",279000,-159.936632,1,0.567639,0.567639,0,7.183415,7.183415,7.183415,0.333333,0.333333,0.333333
"136",281000,-162.280757,1,0.389255,0.389255,0.389255,5.413286,5.413286,5.413286,0.333327,0.333339,0.333334
"137",283000,-159.765238,1,0,0.860796,0,5.27934,5.27934,5.27934,0.333281,0.333379,0.33334
"138",285000,-158.608748,1,0.446153,0.446153,0,6.89013,6.89013,6.89013,0.333331,0.333335,0.333334
"139",287000,-159.154904,1,0.292501,0.292501,0,7.963121,7.963121,7.963121,0.333327,0.333339,0.333334
"140",289000,-158.426406,1,0,0.520556,0,8.248515,8.248515,8.248515,0.333315,0.333349,0.333336
"141",291000,-159.892497,1,0,1.15832,0,5.868798,5.868798,5.868798,0.333326,0.33334,0.333334
"142",293000,-158.828321,1,0,1.090291,0,6.500879,6.500879,6.500879,0.333325,0.33334,0.333334
"143",295000,-159.134487,1,0,0.666634,0,6.286214,6.286214,6.286214,0.33327,0.333388,0.333342
"144",297000,-159.496046,1,0,1.108385,0,9.175218,9.175218,9.175218,0.333333,0.333334,0.333333
"145",299000,-159.038047,1,1.244768,1.244768,0,8.301194,8.301194,8.301194,0.333333,0.333333,0.333333
"146",301000,-158.672545,1,0.52483,0.52483,0,5.020889,5.020889,5.020889,0.333351,0.333318,0.333331
"147",303000,-159.986879,1,0.292841,0.292841,0,5.906996,5.906996,5.906996,0.333297,0.333365,0.333338
"148",305000,-161.81745,1,0,0.866618,0,6.593162,6.593162,6.593162,0.333313,0.333351,0.333336
"149",307000,-159.972376,1,0.335248,0.335248,0,7.30455,7.30455,7.30455,0.333326,0.33334,0.333334
"150",309000,-161.345336,1,0,1.372997,0,7.831169,7.831169,7.831169,0.333333,0.333334,0.333333
"151",311000,-160.143278,1,0,1.725835,0,5.614082,5.614082,5.614082,0.333336,0.333331,0.333333
"152",313000,-160.097082,1,0,0.684423,0,8.99097,8.99097,8.99097,0.333329,0.333337,0.333334
"153",315000,-163.113742,1,0,1.405149,0,7.847425,7.847425,7.847425,0.333333,0.333334,0.333333
"154",317000,-158.934669,1,0.442348,0.442348,0,5.583613,5.583613,5.583613,0.333335,0.333332,0.333333
"155",319000,-159.804956,1,0,0.996561,0.996561,5.296104,5.296104,5.296104,0.333327,0.333338,0.333334
"156",321000,-160.760629,1,0.520935,0.520935,0,8.403018,8.403018,8.403018,0.333333,0.333334,0.333333
"157",323000,-160.610979,1,0,0.925204,0,7.067281,7.067281,7.067281,0.333323,0.333342,0.333335
"158",325000,-165.160362,1,0.487329,0.487329,0,6.453822,6.453822,6.453822,0.333333,0.333334,0.333333
"159",327000,-158.933252,1,0.574035,0.574035,0.574035,5.519599,5.519599,5.519599,0.333334,0.333333,0.333333
"160",329000,-159.18477,1,0.40636,0.40636,0,5.229965,5.229965,5.229965,0.333336,0.333331,0.333333
"161",331000,-159.915222,1,0,0.638273,0,6.503252,6.503252,6.503252,0.333274,0.333385,0.333341
"162",333000,-160.227311,1,0.187432,0.187432,0,6.124228,6.124228,6.124228,0.333203,0.333446,0.333351
"163",335000,-161.767692,1,0.336964,0.336964,0,5.834762,5.834762,5.834762,0.333315,0.33335,0.333336
"164",337000,-158.719204,1,0,1.477626,0,7.57007,7.57007,7.57007,0.333333,0.333334,0.333333
"165",339000,-160.807431,1,0.285625,0.285625,0,6.517542,6.517542,6.517542,0.333308,0.333356,0.333337
"166",341000,-159.213592,1,0,1.012424,0,6.613449,6.613449,6.613449,0.333323,0.333342,0.333335
"167",343000,-158.820042,1,0,0.710805,0,6.131672,6.131672,6.131672,0.333274,0.333385,0.333341
"168",345000,-160.00866,1,0.576767,0.576767,0,3.856165,3.856165,3.856165,0.333442,0.333234,0.333323
"169",347000,-160.155858,1,0,0.432563,0,5.140035,5.140035,5.140035,0.332829,0.333769,0.333402
"170",349000,-160.495346,1,0.295528,0.295528,0,4.505733,4.505733,4.505733,0.333304,0.333359,0.333337
"171",351000,-160.10433,1,0.306463,0.306463,0,6.40452,6.40452,6.40452,0.333312,0.333352,0.333336
"172",353000,-158.504619,1,0.52282,0.52282,0,7.925736,7.925736,7.925736,0.333333,0.333334,0.333333
"173",355000,-158.511904,1,0,0.635719,0,6.898725,6.898725,6.898725,0.333292,0.333369,0.333339
"174",357000,-158.771873,1,0.317115,0.317115,0,6.343035,6.343035,6.343035,0.333314,0.33335,0.333336
"175",359000,-158.79162,1,0.647313,0.647313,0,6.837415,6.837415,6.837415,0.333334,0.333333,0.333333
"176",361000,-160.359051,1,0,1.05847,0,6.345964,6.345964,6.345964,0.333323,0.333342,0.333335
"177",363000,-160.238048,1,0.571802,0.571802,0,7.704566,7.704566,7.704566,0.333333,0.333333,0.333333
"178",365000,-160.081992,1,0,0.728454,0,6.495157,6.495157,6.495157,0.333293,0.333368,0.333339
"179",367000,-159.837409,1,0.64692,0.64692,0,8.693804,8.693804,8.693804,0.333333,0.333333,0.333333
"180",369000,-160.266432,1,0.509529,0.509529,0,7.064313,7.064313,7.064313,0.333333,0.333334,0.333333
"181",371000,-159.31259,1,0,0.628776,0,5.700354,5.700354,5.700354,0.333211,0.333439,0.333349
"182",373000,-160.353745,1,0.718025,0.718025,0,6.768411,6.768411,6.768411,0.333334,0.333333,0.333333
"183",375000,-158.846326,1,0.393329,0.393329,0,5.643169,5.643169,5.643169,0.333328,0.333338,0.333334
"184",377000,-159.648407,1,0.37895,0.37895,0,5.01481,5.01481,5.01481,0.333336,0.333331,0.333333
"185",379000,-159.679799,1,0.516453,0.516453,0,6.382499,6.382499,6.382499,0.333334,0.333333,0.333333
"186",381000,-161.552183,1,0.521138,0.521138,0,8.787307,8.787307,8.787307,0.333333,0.333333,0.333333
"187",383000,-161.362628,1,0.138459,0.138459,0.138459,4.755696,4.755696,4.755696,0.332685,0.333887,0.333428
"188",385000,-163.212378,1,0.345189,0.345189,0,3.815224,3.815224,3.815224,0.333502,0.333184,0.333314
"189",387000,-160.793401,1,0,1.177521,0,5.793843,5.793843,5.793843,0.333326,0.333339,0.333334
"190",389000,-159.863353,1,0,0.509742,0,4.16869,4.16869,14.869505,0.341737,0.327813,0.33045
"191",391000,-159.370624,1,0.428562,0.428562,0,6.227336,6.227336,6.227336,0.333331,0.333336,0.333334
"192",393000,-160.827916,1,0,0.832747,0,7.067706,7.067706,7.067706,0.333318,0.333347,0.333335
"193",395000,-160.697848,1,0.395769,0.395769,0,7.268707,7.268707,7.268707,0.33333,0.333336,0.333334
"194",397000,-158.602991,1,0.206513,0.206513,0,5.137381,5.137381,5.137381,0.333125,0.333514,0.333361
"195",399000,-160.275817,1,0,1.344257,0,7.895476,7.895476,7.895476,0.333332,0.333334,0.333333
"196",401000,-160.765052,1,0.31957,0.31957,0,6.071655,6.071655,6.071655,0.333311,0.333352,0.333336
"197",403000,-159.781417,1,0.252167,0.252167,0,5.525718,5.525718,5.525718,0.333251,0.333405,0.333344
"198",405000,-160.39912,1,0,0.764495,0.764495,6.422402,6.422402,6.422402,0.333324,0.333341,0.333335
"199",407000,-159.817454,1,0.570702,0.570702,0,7.529178,7.529178,7.529178,0.333333,0.333333,0.333333
"200",409000,-160.817545,1,0.481621,0.481621,0,5.810877,5.810877,5.810877,0.333336,0.333331,0.333333
"201",411000,-163.805125,1,0.358651,0.358651,0,5.362409,5.362409,5.362409,0.333322,0.333343,0.333335
"202",413000,-158.503086,1,0,0.32666,0,4.704959,4.704959,4.704959,0.332052,0.334438,0.333509
"203",415000,-160.965594,1,0,0.708864,0,4.606031,4.606031,4.606031,0.333174,0.333473,0.333354
"204",417000,-158.471056,1,0.540006,0.540006,0,5.21504,5.21504,5.21504,0.333345,0.333323,0.333332
"205",419000,-158.853417,1,0,0.799481,0,8.274916,8.274916,8.274916,0.333328,0.333338,0.333334
"206",421000,-159.267172,1,0,1.139689,0,9.939841,9.939841,9.939841,0.333333,0.333334,0.333333
"207",423000,-160.424604,1,0.495962,0.495962,0,8.308889,8.308889,8.308889,0.333333,0.333334,0.333333
"208",425000,-158.82877,1,0.384856,0.384856,0,7.033866,7.033866,7.033866,0.333329,0.333337,0.333334
"209",427000,-159.334432,1,0.35897,0.35897,0,6.403608,6.403608,6.403608,0.333323,0.333342,0.333335
"210",429000,-160.087121,1,0.861411,0.861411,0,7.628268,7.628268,7.628268,0.333333,0.333333,0.333333
"211",431000,-159.214402,1,0.564473,0.564473,0,6.229731,6.229731,6.229731,0.333335,0.333332,0.333333
"212",433000,-158.979703,1,0.290056,0.290056,0,5.014792,5.014792,5.014792,0.333281,0.333379,0.33334
"213",435000,-159.215172,1,0.516322,0.516322,0,6.461688,6.461688,6.461688,0.333334,0.333333,0.333333
"214",437000,-160.643877,1,0.625692,0.625692,0,5.993001,5.993001,5.993001,0.333336,0.333331,0.333333
"215",439000,-159.874347,1,0.362072,0.362072,0,5.571004,5.571004,5.571004,0.333322,0.333344,0.333335
"216",441000,-160.443308,1,0.221768,0.221768,0,5.160039,5.160039,5.160039,0.333171,0.333475,0.333355
"217",443000,-160.574526,1,0.517198,0.517198,0,8.971013,8.971013,8.971013,0.333333,0.333333,0.333333
"218",445000,-158.580219,1,0.314116,0.314116,0.314116,4.08891,4.08891,4.08891,0.333316,0.333348,0.333336
"219",447000,-160.568337,1,0,1.014189,0,8.186603,8.186603,8.186603,0.333331,0.333336,0.333334
"220",449000,-158.862515,1,0,0.882122,0,5.991177,5.991177,5.991177,0.333303,0.33336,0.333337
"221",451000,-159.838405,1,0,0.937212,0,6.778788,6.778788,6.778788,0.333321,0.333344,0.333335
"222",453000,-163.479476,1,0.266456,0.266456,0,6.024431,6.024431,6.024431,0.333285,0.333375,0.33334
"223",455000,-161.436482,1,0.582569,0.582569,0,7.187241,7.187241,7.187241,0.333333,0.333333,0.333333
"224",457000,-158.504447,1,0.467154,0.467154,0,6.324838,6.324838,6.324838,0.333333,0.333334,0.333333
"225",459000,-164.544093,1,0.09018,0.09018,0,7.272569,7.272569,7.272569,0.333138,0.333501,0.333361
"226",461000,-161.861065,1,0.369314,0.369314,0,5.231268,5.231268,5.231268,0.333327,0.333339,0.333334
"227",463000,-159.371742,1,0.292332,0.292332,0,6.851363,6.851363,6.851363,0.333315,0.333349,0.333336
"228",465000,-160.551141,1,0,0.546433,0,5.792708,5.792708,5.792708,0.333166,0.333478,0.333356
"229",467000,-158.519748,1,0.270194,0.270194,0,6.322955,6.322955,6.322955,0.333297,0.333365,0.333338
"230",469000,-160.774661,1,0.477351,0.477351,0,6.004419,6.004419,6.004419,0.333334,0.333333,0.333333
"231",471000,-160.075724,1,0.154587,0.154587,0,6.05422,6.05422,6.05422,0.333114,0.333522,0.333364
"232",473000,-159.304048,1,0.455895,0.455895,0,6.370243,6.370243,6.370243,0.333332,0.333335,0.333333
"233",475000,-160.582608,1,0,0.557251,0,7.076302,7.076302,7.076302,0.333283,0.333376,0.33334
"234",477000,-158.836697,1,0.275451,0.275451,0,7.46951,7.46951,7.46951,0.333321,0.333344,0.333335
"235",479000,-161.18285,1,0.382875,0.382875,0,4.902769,4.902769,4.902769,0.333341,0.333326,0.333332
"236",481000,-159.197134,1,0.232195,0.232195,0,7.942171,7.942171,7.942171,0.33332,0.333345,0.333335
"237",483000,-158.901127,1,0.427218,0.427218,0.427218,6.253895,6.253895,6.253895,0.333331,0.333335,0.333334
"238",485000,-159.868386,1,0,0.823393,0,9.040068,9.040068,9.040068,0.333331,0.333335,0.333334
"239",487000,-161.694885,1,0,0.202264,0,5.885329,5.885329,5.885329,0.332252,0.334261,0.333487
"240",489000,-159.140205,1,0.699423,0.699423,0,5.816173,5.816173,5.816173,0.333337,0.33333,0.333333
"241",491000,-162.232004,1,0,1.592413,0,7.30965,7.30965,7.30965,0.333333,0.333334,0.333333
"242",493000,-160.284597,1,0,0.897816,0,5.839642,5.839642,5.839642,0.333302,0.333361,0.333337
"243",495000,-160.356515,1,0,0.733085,0,7.237748,7.237748,7.237748,0.333313,0.333351,0.333336
"244",497000,-160.053227,1,0.431658,0.431658,0,5.20455,5.20455,5.20455,0.333341,0.333327,0.333332
"245",499000,-159.630787,1,0.160635,0.160635,0,5.549935,5.549935,5.549935,0.333027,0.333598,0.333375
"246",501000,-159.245638,1,0.395871,0.395871,0,5.229238,5.229238,5.229238,0.333334,0.333333,0.333333
"247",503000,-159.004364,1,0,0.94414,0,8.595234,8.595234,8.595234,0.333331,0.333335,0.333334
"248",505000,-160.187978,1,0.278163,0.278163,0,7.568227,7.568227,7.568227,0.333322,0.333343,0.333335
"249",507000,-162.197032,1,0.444164,0.444164,0,6.248848,6.248848,6.248848,0.333332,0.333335,0.333334
"250",509000,-160.215604,1,0.534793,0.534793,0.534793,6.632737,6.632737,6.632737,0.333333,0.333334,0.333333
"251",511000,-161.429553,1,0,1.296651,0,6.462053,6.462053,6.462053,0.333331,0.333336,0.333334
"252",513000,-159.498651,1,0,1.269011,0,7.046752,7.046752,7.046752,0.333331,0.333335,0.333334
"253",515000,-159.881878,1,0.435875,0.435875,0,5.530222,5.530222,5.530222,0.333335,0.333332,0.333333
"254",517000,-160.85999,1,0.593571,0.593571,0,6.06904,6.06904,6.06904,0.333336,0.333331,0.333333
"255",519000,-159.804444,1,0,0.912979,0,9.628788,9.628788,9.628788,0.333332,0.333334,0.333333
"256",521000,-161.300901,1,0.467446,0.467446,0,5.09844,5.09844,5.09844,0.333347,0.333321,0.333332
"257",523000,-160.209101,1,0.535634,0.535634,0,7.265786,7.265786,7.265786,0.333333,0.333334,0.333333
"258",525000,-159.264798,1,0.324828,0.324828,0,9.503341,9.503341,9.503341,0.333332,0.333334,0.333333
"259",527000,-160.757814,1,0.409759,0.409759,0,7.238702,7.238702,7.238702,0.333331,0.333336,0.333334
"260",529000,-158.919696,1,0.545345,0.545345,0,4.220102,4.220102,4.220102,0.3334,0.333273,0.333327
"261",531000,-158.800973,1,0.371868,0.371868,0,7.464848,7.464848,7.464848,0.333329,0.333337,0.333334
"262",533000,-162.447416,1,0,0.777267,0,7.245086,7.245086,7.245086,0.333317,0.333348,0.333336
"263",535000,-161.741899,1,0.235757,0.235757,0,6.89359,6.89359,6.89359,0.333298,0.333364,0.333338
"264",537000,-158.69998,1,0,1.069115,0,8.376017,8.376017,8.376017,0.333332,0.333335,0.333334
"265",539000,-159.520256,1,0.285418,0.285418,0,8.44337,8.44337,8.44337,0.333329,0.333337,0.333334
"266",541000,-159.068718,1,0.37992,0.37992,0,4.365798,4.365798,4.365798,0.333385,0.333288,0.333327
"267",543000,-158.431757,1,0,0.722595,0,5.157993,5.157993,5.157993,0.333219,0.333433,0.333348
"268",545000,-160.157646,1,0.161198,0.161198,0,5.166645,5.166645,5.166645,0.332926,0.333685,0.333389
"269",547000,-160.797315,1,0,1.122295,0,9.730314,9.730314,9.730314,0.333333,0.333334,0.333333
"270",549000,-159.90266,1,0,1.075401,0,5.919389,5.919389,5.919389,0.333321,0.333344,0.333335
"271",551000,-160.272492,1,0,1.816486,0,5.543686,5.543686,5.543686,0.333337,0.33333,0.333333
"272",553000,-161.476736,1,0.51516,0.51516,0,4.752599,4.752599,4.752599,0.333362,0.333308,0.33333
"273",555000,-160.877316,1,0.418345,0.418345,0,7.746811,7.746811,7.746811,0.333332,0.333335,0.333334
"274",557000,-158.997802,1,0,0.601749,0,6.746349,6.746349,6.746349,0.333278,0.333382,0.333341
"275",559000,-159.947251,1,0.205022,0.205022,0,6.564593,6.564593,6.564593,0.333263,0.333394,0.333343
"276",561000,-160.044552,1,0,0.586917,0,6.01526,6.01526,6.01526,0.333219,0.333433,0.333349
"277",563000,-161.335935,1,0,0.798197,0,5.321613,5.321613,5.321613,0.333263,0.333395,0.333342
"278",565000,-159.73853,1,0,1.309295,0,7.754945,7.754945,7.754945,0.333332,0.333334,0.333333
"279",567000,-159.052676,1,0.527086,0.527086,0,5.969111,5.969111,5.969111,0.333336,0.333331,0.333333
"280",569000,-158.456895,1,0.313188,0.313188,0,4.898008,4.898008,4.898008,0.333304,0.333359,0.333337
"281",571000,-161.294976,1,0,0.914837,0,6.822092,6.822092,6.822092,0.33332,0.333345,0.333335
"282",573000,-158.681803,1,0.445572,0.445572,0,8.758487,8.758487,8.758487,0.333333,0.333334,0.333333
"283",575000,-158.517469,1,0.565923,0.565923,0,5.285862,5.285862,5.285862,0.333344,0.333324,0.333332
"284",577000,-158.448601,1,0.260452,0.260452,0,6.904612,6.904612,6.904612,0.333308,0.333355,0.333337
"285",579000,-159.95041,1,0,1.185453,0,6.923137,6.923137,6.923137,0.33333,0.333337,0.333334
"286",581000,-158.934208,1,0,0.487593,0,5.820411,5.820411,5.820411,0.333116,0.333522,0.333363
"287",583000,-160.3646,1,0,0.660877,0,7.298986,7.298986,7.298986,0.333308,0.333355,0.333337
"288",585000,-160.327216,1,0,0.852338,0,5.367529,5.367529,9.384448,0.333455,0.33324,0.333305
"289",587000,-159.899588,1,0.634196,0.634196,0,11.04173,11.04173,11.04173,0.333333,0.333333,0.333333
"290",589000,-158.981596,1,0.326883,0.326883,0,9.256263,9.256263,9.256263,0.333332,0.333334,0.333333
"291",591000,-158.776504,1,0.694523,0,0,7.678249,7.678249,7.678249,0.333332,0.333334,0.333333
"292",593000,-159.925206,1,0.345348,0.345348,0,7.658836,7.658836,7.658836,0.333329,0.333337,0.333334
"293",595000,-161.315836,1,0.522933,0.522933,0,5.566921,5.566921,5.566921,0.333339,0.333328,0.333333
"294",597000,-159.137669,1,0.221678,0.221678,0,6.228259,6.228259,6.228259,0.333258,0.333398,0.333343
"295",599000,-160.782399,1,0,0.758203,0,5.819508,5.819508,5.819508,0.333272,0.333386,0.333341
"296",601000,-159.259823,1,0.362132,0.362132,0,6.102081,6.102081,6.102081,0.333322,0.333343,0.333335
"297",603000,-160.119743,1,0.204385,0.204385,0,5.730259,5.730259,5.730259,0.333192,0.333456,0.333352
"298",605000,-159.618961,1,0.42671,0.42671,0,6.758357,6.758357,6.758357,0.333331,0.333336,0.333334
"299",607000,-161.020093,1,0.577886,0.577886,0,9.160847,9.160847,9.160847,0.333333,0.333333,0.333333
"300",609000,-160.477448,1,0,1.663489,0,7.76285,7.76285,7.76285,0.333333,0.333333,0.333333
"301",611000,-158.826008,1,0.373875,0.373875,0,6.301134,6.301134,6.301134,0.333325,0.333341,0.333334
"302",613000,-159.993999,1,0,1.131945,0,8.858013,8.858013,8.858013,0.333332,0.333334,0.333333
"303",615000,-162.850035,1,0.351399,0.351399,0,7.861119,7.861119,7.861119,0.33333,0.333336,0.333334
"304",617000,-161.382705,1,0,1.031658,0,6.723396,6.723396,6.723396,0.333325,0.333341,0.333334
"305",619000,-158.652899,1,0,1.31482,0,9.259559,9.259559,9.259559,0.333333,0.333334,0.333333
"306",621000,-158.470945,1,0,0.807778,0,5.434607,5.434607,5.434607,0.333271,0.333388,0.333341
"307",623000,-161.228309,1,0,0.988631,0,7.906808,7.906808,7.906808,0.33333,0.333337,0.333334
"308",625000,-159.307522,1,0.359281,0.359281,0,5.846614,5.846614,5.846614,0.333321,0.333344,0.333335
"309",627000,-158.916912,1,0.660709,0.660709,0,5.451044,5.451044,5.451044,0.33334,0.333327,0.333333
"310",629000,-159.979088,1,0.215905,0.215905,0.215905,5.021755,5.021755,5.021755,0.333185,0.33346,0.333355
"311",631000,-158.456772,1,0,0.882391,0,8.002828,8.002828,8.002828,0.333328,0.333338,0.333334
"312",633000,-158.561367,1,0.399807,0.399807,0,6.481894,6.481894,6.481894,0.333328,0.333338,0.333334
"313",635000,-160.326975,1,0.338746,0.338746,0,5.115284,5.115284,5.115284,0.333317,0.333348,0.333335
"314",637000,-163.198638,1,0,0.555065,0.555065,7.81401,7.81401,7.81401,0.333325,0.33334,0.333335
"315",639000,-158.835263,1,0.425612,0.425612,0,5.847013,5.847013,5.847013,0.333331,0.333335,0.333334
"316",641000,-161.133856,1,0.270602,0.270602,0.270602,6.039523,6.039523,6.039523,0.333303,0.333359,0.333338
"317",643000,-160.756117,1,0.364467,0.364467,0,6.346422,6.346422,6.346422,0.333324,0.333342,0.333335
"318",645000,-160.609118,1,0.390911,0.390911,0.390911,7.538623,7.538623,7.538623,0.333332,0.333335,0.333334
"319",647000,-158.689214,1,0.249147,0.249147,0.249147,6.767692,6.767692,6.767692,0.333312,0.333352,0.333336
"320",649000,-162.669856,1,0,1.198422,0,9.099383,9.099383,9.099383,0.333333,0.333334,0.333333
"321",651000,-160.030908,1,0,1.072608,0,7.076153,7.076153,7.076153,0.333328,0.333338,0.333334
"322",653000,-158.534663,1,0.354959,0.354959,0.354959,6.227299,6.227299,6.227299,0.333326,0.33334,0.333334
"323",655000,-160.807259,1,0.288873,0.288873,0,6.034912,6.034912,6.034912,0.333298,0.333364,0.333338
"324",657000,-158.891402,1,0,0.732011,0,7.128309,7.128309,7.128309,0.333311,0.333353,0.333336
"325",659000,-160.174079,1,0.696648,0.696648,0,9.510886,9.510886,9.510886,0.333333,0.333333,0.333333
"326",661000,-161.497606,1,0.429505,0.429505,0,5.514409,5.514409,5.514409,0.333335,0.333332,0.333333
"327",663000,-158.611216,1,0.441307,0.441307,0,5.877321,5.877321,5.877321,0.333333,0.333334,0.333333
"328",665000,-158.438801,1,0.257597,0.257597,0,6.850373,6.850373,6.850373,0.333306,0.333357,0.333337
"329",667000,-158.899341,1,0.691428,0.691428,0,4.896471,4.896471,4.896471,0.333348,0.33332,0.333332
"330",669000,-159.670916,1,0,1.627065,0,8.480256,8.480256,8.480256,0.333333,0.333333,0.333333
"331",671000,-159.535492,1,0.424929,0.424929,0.424929,5.758643,5.758643,5.758643,0.33333,0.333336,0.333334
"332",673000,-158.947052,1,0.31136,0.31136,0,5.896569,5.896569,5.896569,0.333306,0.333357,0.333337
"333",675000,-159.802589,1,0.30148,0.30148,0,7.815743,7.815743,7.815743,0.333327,0.333339,0.333334
"334",677000,-159.863794,1,0,0.879317,0,5.96615,5.96615,5.96615,0.333302,0.333361,0.333337
"335",679000,-161.596965,1,0,1.009571,0,7.30728,7.30728,7.30728,0.333327,0.333338,0.333334
"336",681000,-159.867779,1,0,1.178774,0,7.664918,7.664918,7.664918,0.333331,0.333335,0.333334
"337",683000,-160.880793,1,0.294385,0.294385,0,5.558628,5.558628,5.558628,0.333291,0.33337,0.333339
"338",685000,-161.048877,1,0.355714,0.355714,0,5.517039,5.517039,5.517039,0.33332,0.333345,0.333335
"339",687000,-158.913687,1,0,0.873821,0,6.505479,6.505479,6.505479,0.333312,0.333352,0.333336
"340",689000,-158.687693,1,0.394908,0.394908,0,6.690921,6.690921,6.690921,0.333328,0.333338,0.333334
"341",691000,-159.965688,1,0,0.848756,0,7.912645,7.912645,7.912645,0.333327,0.333339,0.333334
"342",693000,-158.840851,1,0.567354,0.567354,0,5.644273,5.644273,5.644273,0.333339,0.333328,0.333333
"343",695000,-160.34949,1,0.288326,0.288326,0,4.029978,4.029978,14.152825,0.340374,0.328687,0.330939
"344",697000,-158.886504,1,0.323337,0.323337,0,5.63233,5.63233,5.63233,0.333308,0.333355,0.333337
"345",699000,-160.102197,1,0.357412,0.357412,0,6.754952,6.754952,6.754952,0.333325,0.33334,0.333334
"346",701000,-160.610914,1,0.554653,0.554653,0.554653,6.117478,6.117478,6.117478,0.333333,0.333333,0.333333
"347",703000,-159.420887,1,0,0.699734,0,5.178776,5.178776,5.178776,0.333207,0.333443,0.33335
"348",705000,-160.724222,1,0.361979,0.361979,0,4.624504,4.624504,4.624504,0.33335,0.333318,0.333331
"349",707000,-159.753814,1,0.374804,0.374804,0,7.224486,7.224486,7.224486,0.333329,0.333337,0.333334
"350",709000,-158.71126,1,0.43563,0.43563,0,5.698023,5.698023,5.698023,0.333333,0.333333,0.333333
"351",711000,-160.665615,1,0,1.023442,0,5.456636,5.456636,5.456636,0.333314,0.33335,0.333336
"352",713000,-163.266733,1,0.662152,0.662152,0,7.917939,7.917939,7.917939,0.333333,0.333333,0.333333
"353",715000,-160.031652,1,0,0.814847,0,6.075342,6.075342,6.075342,0.333295,0.333367,0.333338
"354",717000,-159.980034,1,0.50475,0.50475,0,4.499805,4.499805,4.499805,0.333379,0.333293,0.333329
"355",719000,-158.558849,1,0.280828,0.280828,0.280828,6.231426,6.231426,6.231426,0.333311,0.333352,0.333337
"356",721000,-161.876579,1,0,1.73153,0,8.686362,8.686362,25.983291,0.333349,0.333323,0.333328
"357",723000,-159.860736,1,0.624305,0.624305,0,3.886229,3.886229,3.886229,0.333421,0.333253,0.333326
"358",725000,-159.879768,1,0,1.015758,0,5.698309,5.698309,5.698309,0.333315,0.33335,0.333336
"359",727000,-160.684821,1,0.537658,0.537658,0,7.048383,7.048383,7.048383,0.333333,0.333333,0.333333
"360",729000,-158.752262,1,0.208544,0.208544,0,5.599812,5.599812,5.599812,0.333186,0.333461,0.333353
"361",731000,-158.43316,1,0.454532,0.454532,0,7.390968,7.390968,7.390968,0.333332,0.333334,0.333333
"362",733000,-160.558565,1,0,1.000495,0,5.997105,5.997105,5.997105,0.333316,0.333348,0.333335
"363",735000,-161.826685,1,0.186965,0.186965,0,5.174685,5.174685,5.174685,0.33306,0.33357,0.33337
"364",737000,-160.560126,1,0.285945,0.285945,0,6.906295,6.906295,6.906295,0.333315,0.333349,0.333336
"365",739000,-162.972759,1,0.380018,0.380018,0,8.70877,8.70877,8.70877,0.333332,0.333334,0.333333
"366",741000,-159.401599,1,0.461051,0.461051,0,5.813454,5.813454,5.813454,0.333334,0.333332,0.333333
"367",743000,-159.022259,1,0.562895,0.562895,0,5.74338,5.74338,5.74338,0.333338,0.333329,0.333333
"368",745000,-159.71662,1,0.450746,0.450746,0.450746,6.636591,6.636591,6.636591,0.333332,0.333334,0.333334
"369",747000,-162.652117,1,0.356796,0.356796,0,4.224715,4.224715,4.224715,0.333397,0.333277,0.333326
"370",749000,-158.869949,1,0,1.255181,0,8.962609,8.962609,8.962609,0.333333,0.333334,0.333333
"371",751000,-160.664776,1,0.463912,0.463912,0,5.98163,5.98163,5.98163,0.333334,0.333333,0.333333
"372",753000,-160.77386,1,0.385574,0.385574,0.385574,8.444809,8.444809,8.444809,0.333333,0.333334,0.333333
"373",755000,-158.462439,1,0,0.682059,0,5.793279,5.793279,5.793279,0.333245,0.33341,0.333345
"374",757000,-158.667917,1,0,0.463847,0,6.039463,6.039463,6.039463,0.333131,0.333508,0.333361
"375",759000,-161.361135,1,0.330324,0.330324,0.330324,5.053154,5.053154,5.053154,0.333312,0.333352,0.333336
"376",761000,-161.393138,1,0.400054,0.400054,0,6.24678,6.24678,6.24678,0.333328,0.333338,0.333334
"377",763000,-160.213432,1,0.343774,0.343774,0,6.418486,6.418486,6.418486,0.333321,0.333344,0.333335
"378",765000,-158.974541,1,0,1.321403,0,4.935158,4.935158,4.935158,0.333341,0.333326,0.333332
"379",767000,-160.762465,1,0.2463,0.2463,0,5.007909,5.007909,5.007909,0.333215,0.333436,0.333349
"380",769000,-160.216855,1,0,0.784411,0,9.415033,9.415033,9.415033,0.333332,0.333335,0.333334
"381",771000,-158.439188,1,0.56735,0.56735,0,5.834141,5.834141,5.834141,0.333337,0.33333,0.333333
"382",773000,-161.445774,1,0.447008,0.447008,0,7.545423,3.607965,7.545423,0.33343,0.333267,0.333303
"383",775000,-159.395817,1,0.526764,0.526764,0,6.672113,6.672113,6.672113,0.333333,0.333333,0.333333
"384",777000,-161.528421,1,0.530642,0.530642,0.530642,6.912563,6.912563,6.912563,0.333333,0.333334,0.333333
"385",779000,-161.171411,1,0,0.75202,0,7.472292,7.472292,7.472292,0.333319,0.333346,0.333335
"386",781000,-158.574558,1,0,0.429784,0,4.452814,4.452814,4.452814,0.332498,0.334057,0.333445
"387",783000,-166.214923,1,0.487728,0.487728,0,7.035932,7.035932,7.035932,0.333333,0.333334,0.333333
"388",785000,-161.922818,1,0.609518,0.609518,0,6.573053,6.573053,6.573053,0.333334,0.333332,0.333333
"389",787000,-161.473651,1,0.310222,0.310222,0,6.626597,6.626597,6.626597,0.333316,0.333348,0.333336
"390",789000,-158.72371,1,0.402451,0.402451,0,3.858217,3.858217,3.858217,0.333497,0.333188,0.333315
"391",791000,-159.825529,1,0,1.046351,0,8.689828,8.689828,8.689828,0.333332,0.333335,0.333334
"392",793000,-160.823205,1,0.262954,0.262954,0,6.888936,6.888936,6.888936,0.333308,0.333355,0.333337
"393",795000,-159.786796,1,0,0.975885,0,8.187102,8.187102,8.187102,0.33333,0.333336,0.333334
"394",797000,-158.535153,1,0.644171,0.644171,0,6.705624,6.705624,6.705624,0.333334,0.333333,0.333333
"395",799000,-160.064256,1,0.535344,0.535344,0,5.278712,5.278712,5.278712,0.333344,0.333324,0.333332
"396",801000,-159.859271,1,0.382103,0.382103,0,4.788257,4.788257,4.788257,0.333347,0.333321,0.333332
"397",803000,-160.546228,1,0.260764,0.260764,0,4.932877,4.932877,4.932877,0.333239,0.333415,0.333345
"398",805000,-159.875277,1,0.437364,0.437364,0,5.883564,5.883564,5.883564,0.333332,0.333334,0.333333
"399",807000,-160.230324,1,0.646225,0.646225,0,7.351405,7.351405,7.351405,0.333334,0.333333,0.333333
"400",809000,-159.59753,1,0.319848,0.319848,0,4.939996,4.939996,4.939996,0.333309,0.333355,0.333336
"401",811000,-159.723821,1,0,0.863531,0,6.410093,6.410093,6.410093,0.33331,0.333354,0.333336
"402",813000,-158.43452,1,0.644402,0.644402,0,7.411678,7.411678,7.411678,0.333334,0.333333,0.333333
"403",815000,-160.761146,1,0.624351,0.624351,0,4.717596,4.717596,4.717596,0.333357,0.333312,0.333331
"404",817000,-158.716506,1,0.746982,0.746982,0.746982,5.684768,5.684768,5.684768,0.333334,0.333333,0.333333
"405",819000,-159.075738,1,0.725201,0.725201,0,6.866343,6.866343,6.866343,0.333334,0.333333,0.333333
"406",821000,-160.776512,1,0,1.498643,0,9.049517,9.049517,9.049517,0.333333,0.333333,0.333333
"407",823000,-162.20529,1,0.430823,0.430823,0,4.734516,4.734516,4.734516,0.33336,0.333309,0.33333
"408",825000,-160.190296,1,0.376191,0.376191,0,6.854119,6.854119,6.854119,0.333327,0.333338,0.333334
"409",827000,-160.800903,1,0.182438,0.182438,0.182438,6.286373,6.286373,6.286373,0.333245,0.333409,0.333346
"410",829000,-159.950835,1,0.422134,0.422134,0,5.975459,5.975459,5.975459,0.333331,0.333336,0.333334
"411",831000,-161.557492,1,0,1.060435,0,8.352859,8.352859,8.352859,0.333332,0.333335,0.333334
"412",833000,-162.845301,1,0.458655,0.458655,0,7.362973,7.362973,7.362973,0.333332,0.333334,0.333333
"413",835000,-159.750879,1,0,0.839815,0,7.689677,7.689677,7.689677,0.333325,0.333341,0.333334
"414",837000,-158.530814,1,0,1.009982,0,7.610747,7.610747,7.610747,0.333329,0.333337,0.333334
"415",839000,-160.444795,1,0,1.704481,0,6.744345,6.744345,6.744345,0.333333,0.333333,0.333333
"416",841000,-159.517445,1,0.180901,0.180901,0.180901,6.238463,6.238463,6.238463,0.333239,0.333414,0.333347
"417",843000,-159.074148,1,0,0.946462,0,8.08471,8.08471,8.08471,0.33333,0.333337,0.333334
"418",845000,-161.855085,1,0.35715,0.35715,0,5.788279,5.788279,5.788279,0.33332,0.333345,0.333335
"419",847000,-162.784377,1,0.425471,0.425471,0,5.512907,5.512907,5.512907,0.333334,0.333332,0.333333
"420",849000,-159.472646,1,0.346868,0.346868,0.346868,5.233682,5.233682,5.233682,0.333318,0.333346,0.333336
"421",851000,-162.624275,1,0.261779,0.261779,0.261779,6.523557,6.523557,6.523557,0.333311,0.333353,0.333337
"422",853000,-160.095343,1,0.539717,0.539717,0,5.713784,5.713784,5.713784,0.333338,0.333329,0.333333
"423",855000,-160.101646,1,0.433234,0.433234,0,7.766217,7.766217,7.766217,0.333332,0.333335,0.333334
"424",857000,-162.767564,1,0.222793,0.222793,0,6.563994,6.563994,6.563994,0.333278,0.333381,0.333341
"425",859000,-161.360984,1,0,0.546606,0,3.952355,3.952355,3.952355,0.332815,0.333785,0.3334
"426",861000,-160.81309,1,0.644224,0.644224,0.644224,5.754977,5.754977,5.754977,0.333334,0.333333,0.333333
"427",863000,-158.905964,1,0.532394,0.532394,0,5.677883,5.677883,5.677883,0.333338,0.333329,0.333333
"428",865000,-160.123591,1,0,0.896301,0,5.95927,5.95927,5.95927,0.333304,0.333359,0.333337
"429",867000,-161.029934,1,0.561351,0.561351,0,5.398402,5.398402,5.398402,0.333342,0.333326,0.333332
"430",869000,-160.056528,1,0.512214,0.512214,0,6.654991,6.654991,6.654991,0.333333,0.333333,0.333333
"431",871000,-163.325666,1,0,0.542084,0,5.68979,5.68979,5.68979,0.333147,0.333495,0.333358
"432",873000,-160.122312,1,0,1.004265,0,7.08812,7.08812,7.08812,0.333326,0.33334,0.333334
"433",875000,-159.314001,1,0,1.198071,0,7.26378,7.26378,7.26378,0.333331,0.333336,0.333334
"434",877000,-162.062594,1,0.436899,0.436899,0.436899,5.204647,5.204647,5.204647,0.333332,0.333335,0.333334
"435",879000,-160.099336,1,0.375067,0.375067,0,4.737607,4.737607,4.737607,0.333348,0.333321,0.333332
"436",881000,-162.328088,1,0.58895,0.58895,0,6.155072,6.155072,6.155072,0.333335,0.333331,0.333333
"437",883000,-159.967649,1,0.649945,0.649945,0,5.454806,5.454806,5.454806,0.33334,0.333327,0.333333
"438",885000,-160.925613,1,0.464559,0.464559,0,5.199783,5.199783,5.199783,0.333344,0.333324,0.333332
"439",887000,-161.843519,1,0.316588,0.316588,0,5.806269,5.806269,5.806269,0.333307,0.333356,0.333337
"440",889000,-159.818926,1,0,0.815644,0,6.844933,6.844933,6.844933,0.333313,0.333351,0.333336
"441",891000,-159.823528,1,0.549629,0.549629,0,6.48486,6.48486,6.48486,0.333334,0.333333,0.333333
"442",893000,-158.691522,1,0,1.60115,0,9.145365,9.145365,9.145365,0.333333,0.333333,0.333333
"443",895000,-159.915853,1,0.465753,0.465753,0,8.477624,8.477624,8.477624,0.333333,0.333334,0.333333
"444",897000,-158.904178,1,0.247588,0.247588,0,8.472019,8.472019,8.472019,0.333327,0.333339,0.333334
"445",899000,-159.848427,1,0.212713,0.212713,0,6.678752,6.678752,6.678752,0.333276,0.333383,0.333341
"446",901000,-161.038817,1,0,1.081601,0,7.415479,7.415479,7.415479,0.333329,0.333337,0.333334
"447",903000,-160.980415,1,0.491108,0.491108,0,5.607256,5.607256,5.607256,0.333338,0.333329,0.333333
"448",905000,-159.906534,1,0.252244,0.252244,0,6.374448,6.374448,6.374448,0.333289,0.333372,0.333339
"449",907000,-159.516335,1,0,0.588894,0,7.772288,7.772288,7.772288,0.333311,0.333352,0.333336
"450",909000,-161.910361,1,0,1.345667,0,5.239605,5.239605,5.239605,0.333336,0.333331,0.333333
"451",911000,-159.07119,1,0,1.0764,0,9.663515,9.663515,9.663515,0.333333,0.333334,0.333333
"452",913000,-162.029083,1,0.610351,0.610351,0.610351,5.658229,5.658229,5.658229,0.333334,0.333333,0.333333
"453",915000,-158.621657,1,0,0.791087,0,8.285551,8.285551,8.285551,0.333328,0.333338,0.333334
"454",917000,-159.902228,1,0,0.772009,0,7.124435,7.124435,7.124435,0.333315,0.33335,0.333336
"455",919000,-162.721365,1,0.562277,0.562277,0,5.70624,5.70624,5.70624,0.333338,0.333329,0.333333
"456",921000,-158.754418,1,0.522256,0.522256,0,5.566738,5.566738,5.566738,0.333339,0.333328,0.333333
"457",923000,-158.61636,1,0.358574,0.358574,0,6.103943,6.103943,6.103943,0.333322,0.333344,0.333335
"458",925000,-159.342022,1,0.470681,0.470681,0,5.703642,5.703642,5.703642,0.333336,0.333331,0.333333
"459",927000,-159.030267,1,0.324417,0.324417,0,6.959732,6.959732,6.959732,0.333322,0.333343,0.333335
"460",929000,-160.639908,1,0.392673,0.392673,0,6.587928,6.587928,6.587928,0.333328,0.333338,0.333334
"461",931000,-160.445806,1,0.308943,0.308943,0,5.611998,5.611998,5.611998,0.333301,0.333362,0.333338
"462",933000,-160.112142,1,0.471825,0.471825,0,5.7646,5.7646,5.7646,0.333335,0.333331,0.333333
"463",935000,-158.472067,1,0.264509,0.264509,0,3.557598,3.557598,3.557598,0.333518,0.333171,0.333311
"464",937000,-158.516605,1,0.304717,0.304717,0.304717,7.589824,7.589824,7.589824,0.333329,0.333337,0.333334
"465",939000,-158.43102,1,0,1.304511,0,6.085847,6.085847,6.085847,0.333331,0.333336,0.333334
"466",941000,-159.239204,1,0,0.746968,0,6.525399,6.525399,6.525399,0.333297,0.333365,0.333338
"467",943000,-159.260135,1,0.714677,0.714677,0,7.616098,7.616098,7.616098,0.333334,0.333333,0.333333
"468",945000,-162.347383,1,0,0.795455,0,7.42794,7.42794,7.42794,0.333321,0.333344,0.333335
"469",947000,-158.545489,1,0,1.274978,0,5.565602,5.565602,5.565602,0.333331,0.333335,0.333334
"470",949000,-158.964042,1,0,1.557136,0,7.131369,7.131369,7.131369,0.333333,0.333334,0.333333
"471",951000,-159.772731,1,0.400259,0.400259,0,4.57763,4.57763,4.57763,0.333367,0.333304,0.333329
"472",953000,-159.864313,1,0,0.721478,0,5.473371,5.473371,10.284272,0.333454,0.333243,0.333303
"473",955000,-164.581349,1,0.485129,0.485129,0,6.211399,6.211399,6.211399,0.333334,0.333333,0.333333
"474",957000,-165.201559,1,0.531148,0.531148,0,5.976253,5.976253,5.976253,0.333336,0.333331,0.333333
"475",959000,-159.921834,1,0.407266,0.407266,0,3.995278,3.995278,3.995278,0.333458,0.333222,0.33332
"476",961000,-160.206249,1,0.38529,0.38529,0,5.353466,5.353466,5.353466,0.33333,0.333337,0.333334
"477",963000,-159.694456,1,0.29012,0.29012,0,6.948673,6.948673,6.948673,0.333316,0.333348,0.333336
"478",965000,-158.883767,1,0.353999,0.353999,0,5.759976,5.759976,5.759976,0.333319,0.333346,0.333335
"479",967000,-159.472956,1,0.40246,0.40246,0,6.710555,6.710555,6.710555,0.333329,0.333337,0.333334
"480",969000,-159.330895,1,0.602664,0.602664,0,5.882885,5.882885,5.882885,0.333337,0.33333,0.333333
"481",971000,-158.454206,1,0.757182,0.757182,0,3.911338,3.911338,3.911338,0.333383,0.333287,0.33333
"482",973000,-162.496341,1,0.545638,0.545638,0,7.075251,7.075251,7.075251,0.333333,0.333333,0.333333
"483",975000,-158.790953,1,0.350285,0.350285,0,8.530423,8.530423,8.530423,0.333331,0.333335,0.333334
"484",977000,-160.013347,1,0.48168,0.48168,0,5.699927,5.699927,5.699927,0.333337,0.333331,0.333333
"485",979000,-158.590795,1,0.332907,0.332907,0,5.865817,5.865817,5.865817,0.333314,0.333351,0.333336
"486",981000,-159.504664,1,0.262278,0.262278,0,7.080224,7.080224,7.080224,0.333312,0.333352,0.333336
"487",983000,-158.85037,1,0.562172,0.562172,0.562172,4.306369,4.306369,4.306369,0.333343,0.333325,0.333332
"488",985000,-161.302959,1,0,1.687209,0,5.956819,5.956819,5.956819,0.333335,0.333332,0.333333
"489",987000,-160.280644,1,0,0.958322,0,6.957942,6.957942,6.957942,0.333323,0.333342,0.333335
"490",989000,-160.147013,1,0,0.521658,0,7.614495,7.614495,7.614495,0.333299,0.333363,0.333338
"491",991000,-159.774503,1,0.587244,0.587244,0,7.240681,7.240681,7.240681,0.333333,0.333333,0.333333
"492",993000,-160.78643,1,0,0.425559,0,5.817438,5.817438,5.817438,0.333035,0.333591,0.333374
"493",995000,-160.581092,1,0,1.137663,0,7.885738,7.885738,9.638904,0.333331,0.333336,0.333334
"494",997000,-161.010862,1,0.377233,0.377233,0,5.106218,5.106218,5.106218,0.333333,0.333334,0.333333
"495",999000,-159.864668,1,0.356212,0.356212,0.356212,6.828803,6.828803,6.828803,0.333329,0.333337,0.333334
"496",1001000,-159.326247,1,0.343092,0.343092,0,5.89596,5.89596,5.89596,0.333317,0.333348,0.333335
"497",1003000,-158.65978,1,0.266348,0.266348,0,6.78317,6.78317,6.78317,0.333307,0.333356,0.333337
"498",1005000,-159.921548,1,0.417785,0.417785,0.417785,5.020346,5.020346,5.020346,0.333331,0.333335,0.333334
"499",1007000,-159.239794,1,0.617124,0.617124,0,6.816068,6.816068,6.816068,0.333334,0.333333,0.333333
"500",1009000,-158.901904,1,0.249862,0.249862,0,5.279718,5.279718,5.279718,0.333235,0.333419,0.333346
